Kommune nr & navn;kommune_nr;Kommunenavn;innvkat_5.alle;innvkat_5.innvandrere;innvkat_5.befolkningen_ellers;innvkat_5.norskfodte_m_innvf;innvkat_5.bef_u_innv_og_norskf;innvkat_5.alle;innvkat_5.innvandrere;innvkat_5.befolkningen_ellers;innvkat_5.norskfodte_m_innvf;innvkat_5.bef_u_innv_og_norskf;innvkat_5.alle;innvkat_5.innvandrere;innvkat_5.befolkningen_ellers;innvkat_5.norskfodte_m_innvf;innvkat_5.bef_u_innv_og_norskf;innvkat_5.alle;innvkat_5.innvandrere;innvkat_5.befolkningen_ellers;innvkat_5.norskfodte_m_innvf;innvkat_5.bef_u_innv_og_norskf;innvkat_5.alle;innvkat_5.innvandrere;innvkat_5.befolkningen_ellers;innvkat_5.norskfodte_m_innvf;innvkat_5.bef_u_innv_og_norskf;innvkat_5.alle;innvkat_5.innvandrere;innvkat_5.befolkningen_ellers;innvkat_5.norskfodte_m_innvf;innvkat_5.bef_u_innv_og_norskf
Nedbrytninger;;;kjonn.alle;kjonn.alle;kjonn.alle;kjonn.alle;kjonn.alle;kjonn.alle;kjonn.alle;kjonn.alle;kjonn.alle;kjonn.alle;kjonn.1;kjonn.1;kjonn.1;kjonn.1;kjonn.1;kjonn.1;kjonn.1;kjonn.1;kjonn.1;kjonn.1;kjonn.0;kjonn.0;kjonn.0;kjonn.0;kjonn.0;kjonn.0;kjonn.0;kjonn.0;kjonn.0;kjonn.0
;;;enhet.personer;enhet.personer;enhet.personer;enhet.personer;enhet.personer;enhet.prosent;enhet.prosent;enhet.prosent;enhet.prosent;enhet.prosent;enhet.personer;enhet.personer;enhet.personer;enhet.personer;enhet.personer;enhet.prosent;enhet.prosent;enhet.prosent;enhet.prosent;enhet.prosent;enhet.personer;enhet.personer;enhet.personer;enhet.personer;enhet.personer;enhet.prosent;enhet.prosent;enhet.prosent;enhet.prosent;enhet.prosent
0101 Halden;101;Halden;30132;2986;27146;786;26360;100;9,9;90,1;2,6;87,5;15034;1484;13550;420;13130;49,9;4,9;45;1,4;43,6;15098;1502;13596;366;13230;50,1;5;45,1;1,2;43,9
0104 Moss;104;Moss;31308;4567;26741;1230;25511;100;14,6;85,4;3,9;81,5;15511;2353;13158;658;12500;49,5;7,5;42;2,1;39,9;15797;2214;13583;572;13011;50,5;7,1;43,4;1,8;41,6
0105 Sarpsborg;105;Sarpsborg;54059;6919;47140;1747;45393;100;12,8;87,2;3,2;84;26913;3604;23309;902;22407;49,8;6,7;43,1;1,7;41,4;27146;3315;23831;845;22986;50,2;6,1;44,1;1,6;42,5
0106 Fredrikstad;106;Fredrikstad;77591;9402;68189;2175;66014;100;12,1;87,9;2,8;85,1;38490;4914;33576;1152;32424;49,6;6,3;43,3;1,5;41,8;39101;4488;34613;1023;33590;50,4;5,8;44,6;1,3;43,3
0111 Hvaler;111;Hvaler;4386;233;4153;15;4138;100;5,3;94,7;0,3;94,3;2217;110;2107;7;2100;50,5;2,5;48;0,2;47,9;2169;123;2046;8;2038;49,5;2,8;46,6;0,2;46,5
0118 Aremark;118;Aremark;1408;41;1367;8;1359;100;2,9;97,1;0,6;96,5;717;17;700;5;695;50,9;1,2;49,7;0,4;49,4;691;24;667;3;664;49,1;1,7;47,4;0,2;47,2
0119 Marker;119;Marker;3596;269;3327;22;3305;100;7,5;92,5;0,6;91,9;1815;121;1694;12;1682;50,5;3,4;47,1;0,3;46,8;1781;148;1633;10;1623;49,5;4,1;45,4;0,3;45,1
0121 Rõmskog;121;Rõmskog;672;46;626;6;620;100;6,8;93,2;0,9;92,3;353;23;330;3;327;52,5;3,4;49,1;0,4;48,7;319;23;296;3;293;47,5;3,4;44;0,4;43,6
0122 Trõgstad;122;Trõgstad;5366;471;4895;52;4843;100;8,8;91,2;1;90,3;2748;261;2487;26;2461;51,2;4,9;46,3;0,5;45,9;2618;210;2408;26;2382;48,8;3,9;44,9;0,5;44,4
0123 Spydeberg;123;Spydeberg;5620;546;5074;72;5002;100;9,7;90,3;1,3;89;2829;283;2546;33;2513;50,3;5;45,3;0,6;44,7;2791;263;2528;39;2489;49,7;4,7;45;0,7;44,3
0124 Askim;124;Askim;15430;2292;13138;675;12463;100;14,9;85,1;4,4;80,8;7647;1182;6465;363;6102;49,6;7,7;41,9;2,4;39,5;7783;1110;6673;312;6361;50,4;7,2;43,2;2;41,2
0125 Eidsberg;125;Eidsberg;11323;1469;9854;266;9588;100;13;87;2,3;84,7;5651;768;4883;135;4748;49,9;6,8;43,1;1,2;41,9;5672;701;4971;131;4840;50,1;6,2;43,9;1,2;42,7
0127 Skiptvet;127;Skiptvet;3727;335;3392;32;3360;100;9;91;0,9;90,2;1874;185;1689;16;1673;50,3;5;45,3;0,4;44,9;1853;150;1703;16;1687;49,7;4;45,7;0,4;45,3
0128 Rakkestad;128;Rakkestad;7974;858;7116;188;6928;100;10,8;89,2;2,4;86,9;4009;475;3534;86;3448;50,3;6;44,3;1,1;43,2;3965;383;3582;102;3480;49,7;4,8;44,9;1,3;43,6
0135 RÜde;135;RÜde;7104;617;6487;63;6424;100;8,7;91,3;0,9;90,4;3631;368;3263;39;3224;51,1;5,2;45,9;0,5;45,4;3473;249;3224;24;3200;48,9;3,5;45,4;0,3;45
0136 Rygge;136;Rygge;15101;1453;13648;369;13279;100;9,6;90,4;2,4;87,9;7543;745;6798;195;6603;50;4,9;45;1,3;43,7;7558;708;6850;174;6676;50;4,7;45,4;1,2;44,2
0137 VÜler (ùstfold);137;VÜler (ùstf.);4978;502;4476;84;4392;100;10,1;89,9;1,7;88,2;2542;275;2267;41;2226;51,1;5,5;45,5;0,8;44,7;2436;227;2209;43;2166;48,9;4,6;44,4;0,9;43,5
0138 Hobõl;138;Hobõl;5187;680;4507;96;4411;100;13,1;86,9;1,9;85;2637;355;2282;44;2238;50,8;6,8;44;0,8;43,1;2550;325;2225;52;2173;49,2;6,3;42,9;1;41,9
0211 Vestby;211;Vestby;15944;1902;14042;345;13697;100;11,9;88,1;2,2;85,9;7980;997;6983;168;6815;50,1;6,3;43,8;1,1;42,7;7964;905;7059;177;6882;49,9;5,7;44,3;1,1;43,2
0213 Ski;213;Ski;29542;3672;25870;888;24982;100;12,4;87,6;3;84,6;14741;1894;12847;450;12397;49,9;6,4;43,5;1,5;42;14801;1778;13023;438;12585;50,1;6;44,1;1,5;42,6
0214 ès;214;ès;17969;2957;15012;520;14492;100;16,5;83,5;2,9;80,7;9178;1628;7550;274;7276;51,1;9,1;42;1,5;40,5;8791;1329;7462;246;7216;48,9;7,4;41,5;1,4;40,2
0215 Frogn;215;Frogn;15671;1450;14221;215;14006;100;9,3;90,7;1,4;89,4;7686;697;6989;102;6887;49;4,4;44,6;0,7;43,9;7985;753;7232;113;7119;51;4,8;46,1;0,7;45,4
0216 Nesodden;216;Nesodden;18297;2088;16209;260;15949;100;11,4;88,6;1,4;87,2;8940;1027;7913;141;7772;48,9;5,6;43,2;0,8;42,5;9357;1061;8296;119;8177;51,1;5,8;45,3;0,7;44,7
0217 OppegÜrd;217;OppegÜrd;26255;2937;23318;611;22707;100;11,2;88,8;2,3;86,5;12944;1456;11488;345;11143;49,3;5,5;43,8;1,3;42,4;13311;1481;11830;266;11564;50,7;5,6;45,1;1;44
0219 Bërum;219;Bërum;118588;18768;99820;3402;96418;100;15,8;84,2;2,9;81,3;58467;9361;49106;1730;47376;49,3;7,9;41,4;1,5;40;60121;9407;50714;1672;49042;50,7;7,9;42,8;1,4;41,4
0220 Asker;220;Asker;58338;8845;49493;1590;47903;100;15,2;84,8;2,7;82,1;28906;4532;24374;786;23588;49,5;7,8;41,8;1,3;40,4;29432;4313;25119;804;24315;50,5;7,4;43,1;1,4;41,7
0221 Aurskog Hõland;221;Aurskog-Hõland;15500;1419;14081;187;13894;100;9,2;90,8;1,2;89,6;7844;791;7053;84;6969;50,6;5,1;45,5;0,5;45;7656;628;7028;103;6925;49,4;4,1;45,3;0,7;44,7
0226 Sõrum;226;Sõrum;16918;2169;14749;428;14321;100;12,8;87,2;2,5;84,6;8570;1199;7371;221;7150;50,7;7,1;43,6;1,3;42,3;8348;970;7378;207;7171;49,3;5,7;43,6;1,2;42,4
0227 Fet;227;Fet;11048;1274;9774;241;9533;100;11,5;88,5;2,2;86,3;5657;703;4954;130;4824;51,2;6,4;44,8;1,2;43,7;5391;571;4820;111;4709;48,8;5,2;43,6;1;42,6
0228 Rëlingen;228;Rëlingen;16806;2650;14156;828;13328;100;15,8;84,2;4,9;79,3;8448;1347;7101;431;6670;50,3;8;42,3;2,6;39,7;8358;1303;7055;397;6658;49,7;7,8;42;2,4;39,6
0229 Enebakk;229;Enebakk;10626;1145;9481;224;9257;100;10,8;89,2;2,1;87,1;5387;603;4784;113;4671;50,7;5,7;45;1,1;44;5239;542;4697;111;4586;49,3;5,1;44,2;1;43,2
0230 Lõrenskog;230;Lõrenskog;34697;6107;28590;2138;26452;100;17,6;82,4;6,2;76,2;17442;3244;14198;1079;13119;50,3;9,3;40,9;3,1;37,8;17255;2863;14392;1059;13333;49,7;8,3;41,5;3,1;38,4
0231 Skedsmo;231;Skedsmo;51188;8895;42293;2803;39490;100;17,4;82,6;5,5;77,1;25558;4653;20905;1417;19488;49,9;9,1;40,8;2,8;38,1;25630;4242;21388;1386;20002;50,1;8,3;41,8;2,7;39,1
0233 Nittedal;233;Nittedal;22385;2483;19902;672;19230;100;11,1;88,9;3;85,9;11248;1336;9912;346;9566;50,2;6;44,3;1,5;42,7;11137;1147;9990;326;9664;49,8;5,1;44,6;1,5;43,2
0234 Gjerdrum;234;Gjerdrum;6292;717;5575;90;5485;100;11,4;88,6;1,4;87,2;3258;445;2813;44;2769;51,8;7,1;44,7;0,7;44;3034;272;2762;46;2716;48,2;4,3;43,9;0,7;43,2
0235 Ullensaker;235;Ullensaker;32438;5003;27435;1228;26207;100;15,4;84,6;3,8;80,8;16353;2620;13733;660;13073;50,4;8,1;42,3;2;40,3;16085;2383;13702;568;13134;49,6;7,3;42,2;1,8;40,5
0236 Nes (Akershus);236;Nes (Ak.);20164;1843;18321;249;18072;100;9,1;90,9;1,2;89,6;10175;938;9237;125;9112;50,5;4,7;45,8;0,6;45,2;9989;905;9084;124;8960;49,5;4,5;45,1;0,6;44,4
0237 Eidsvoll;237;Eidsvoll;22689;2262;20427;453;19974;100;10;90;2;88;11433;1131;10302;240;10062;50,4;5;45,4;1,1;44,3;11256;1131;10125;213;9912;49,6;5;44,6;0,9;43,7
0238 Nannestad;238;Nannestad;11707;1546;10161;253;9908;100;13,2;86,8;2,2;84,6;5992;842;5150;131;5019;51,2;7,2;44;1,1;42,9;5715;704;5011;122;4889;48,8;6;42,8;1;41,8
0239 Hurdal;239;Hurdal;2695;204;2491;14;2477;100;7,6;92,4;0,5;91,9;1375;104;1271;5;1266;51;3,9;47,2;0,2;47;1320;100;1220;9;1211;49;3,7;45,3;0,3;44,9
0301 Oslo;301;Oslo kommune;634463;151722;482741;45893;436848;100;23,9;76,1;7,2;68,9;316144;79312;236832;23438;213394;49,8;12,5;37,3;3,7;33,6;318319;72410;245909;22455;223454;50,2;11,4;38,8;3,5;35,2
0402 Kongsvinger;402;Kongsvinger;17825;1726;16099;360;15739;100;9,7;90,3;2;88,3;8720;874;7846;184;7662;48,9;4,9;44;1;43;9105;852;8253;176;8077;51,1;4,8;46,3;1;45,3
0403 Hamar;403;Hamar;29520;2795;26725;479;26246;100;9,5;90,5;1,6;88,9;14459;1433;13026;252;12774;49;4,9;44,1;0,9;43,3;15061;1362;13699;227;13472;51;4,6;46,4;0,8;45,6
0412 Ringsaker;412;Ringsaker;33463;2334;31129;328;30801;100;7;93;1;92;16823;1232;15591;173;15418;50,3;3,7;46,6;0,5;46,1;16640;1102;15538;155;15383;49,7;3,3;46,4;0,5;46
0415 Lõten;415;Lõten;7546;500;7046;68;6978;100;6,6;93,4;0,9;92,5;3778;246;3532;35;3497;50,1;3,3;46,8;0,5;46,3;3768;254;3514;33;3481;49,9;3,4;46,6;0,4;46,1
0417 Stange;417;Stange;19737;1477;18260;207;18053;100;7,5;92,5;1;91,5;9796;754;9042;103;8939;49,6;3,8;45,8;0,5;45,3;9941;723;9218;104;9114;50,4;3,7;46,7;0,5;46,2
0418 Nord-Odal;418;Nord-Odal;5118;190;4928;12;4916;100;3,7;96,3;0,2;96,1;2590;95;2495;6;2489;50,6;1,9;48,7;0,1;48,6;2528;95;2433;6;2427;49,4;1,9;47,5;0,1;47,4
0419 Sõr-Odal;419;Sõr-Odal;7847;417;7430;42;7388;100;5,3;94,7;0,5;94,2;3922;194;3728;18;3710;50;2,5;47,5;0,2;47,3;3925;223;3702;24;3678;50;2,8;47,2;0,3;46,9
0420 Eidskog;420;Eidskog;6253;386;5867;34;5833;100;6,2;93,8;0,5;93,3;3104;163;2941;15;2926;49,6;2,6;47;0,2;46,8;3149;223;2926;19;2907;50,4;3,6;46,8;0,3;46,5
0423 Grue;423;Grue;4948;309;4639;36;4603;100;6,2;93,8;0,7;93;2447;156;2291;12;2279;49,5;3,2;46,3;0,2;46,1;2501;153;2348;24;2324;50,5;3,1;47,5;0,5;47
0425 èsnes;425;èsnes;7544;450;7094;29;7065;100;6;94;0,4;93,7;3789;226;3563;16;3547;50,2;3;47,2;0,2;47;3755;224;3531;13;3518;49,8;3;46,8;0,2;46,6
0426 VÜler (Hedm.);426;VÜler (Hedm.);3783;208;3575;17;3558;100;5,5;94,5;0,4;94,1;1917;101;1816;10;1806;50,7;2,7;48;0,3;47,7;1866;107;1759;7;1752;49,3;2,8;46,5;0,2;46,3
0427 Elverum;427;Elverum;20563;1602;18961;253;18708;100;7,8;92,2;1,2;91;10055;773;9282;124;9158;48,9;3,8;45,1;0,6;44,5;10508;829;9679;129;9550;51,1;4;47,1;0,6;46,4
0428 Trysil;428;Trysil;6621;544;6077;52;6025;100;8,2;91,8;0,8;91;3350;281;3069;24;3045;50,6;4,2;46,4;0,4;46;3271;263;3008;28;2980;49,4;4;45,4;0,4;45
0429 èmot;429;èmot;4455;286;4169;32;4137;100;6,4;93,6;0,7;92,9;2294;140;2154;15;2139;51,5;3,1;48,4;0,3;48;2161;146;2015;17;1998;48,5;3,3;45,2;0,4;44,8
0430 Stor-Elvdal;430;Stor-Elvdal;2699;359;2340;18;2322;100;13,3;86,7;0,7;86;1435;228;1207;7;1200;53,2;8,4;44,7;0,3;44,5;1264;131;1133;11;1122;46,8;4,9;42;0,4;41,6
0432 Rendalen;432;Rendalen;1883;79;1804;3;1801;100;4,2;95,8;0,2;95,6;959;34;925;0;925;50,9;1,8;49,1;0;49,1;924;45;879;3;878;49,1;2,4;46,7;0,2;46,6
0434 Engerdal;434;Engerdal;1345;108;1237;6;1231;100;8;92;0,4;91,5;673;38;635;6;631;50;2,8;47,2;0,4;46,9;672;70;602;0;600;50;5,2;44,8;0;44,6
0436 Tolga;436;Tolga;1658;167;1491;15;1476;100;10,1;89,9;0,9;89;851;88;763;5;758;51,3;5,3;46;0,3;45,7;807;79;728;10;718;48,7;4,8;43,9;0,6;43,3
0437 Tynset;437;Tynset;5549;486;5063;59;5004;100;8,8;91,2;1,1;90,2;2751;260;2491;31;2460;49,6;4,7;44,9;0,6;44,3;2798;226;2572;28;2544;50,4;4,1;46,4;0,5;45,8
0438 Alvdal;438;Alvdal;2432;126;2306;12;2294;100;5,2;94,8;0,5;94,3;1217;58;1159;7;1152;50;2,4;47,7;0,3;47,4;1215;68;1147;5;1142;50;2,8;47,2;0,2;47
0439 Folldal;439;Folldal;1631;72;1559;8;1551;100;4,4;95,6;0,5;95,1;847;29;818;3;815;51,9;1,8;50,2;0,2;50;784;43;741;5;736;48,1;2,6;45,4;0,3;45,1
0441 Os (Hedm.);441;Os (Hedm.);2013;162;1851;22;1829;100;8;92;1,1;90,9;1028;87;941;12;929;51,1;4,3;46,7;0,6;46,2;985;75;910;10;900;48,9;3,7;45,2;0,5;44,7
0501 Lillehammer;501;Lillehammer;27028;2456;24572;410;24162;100;9,1;90,9;1,5;89,4;13159;1203;11956;203;11753;48,7;4,5;44,2;0,8;43,5;13869;1253;12616;207;12409;51,3;4,6;46,7;0,8;45,9
0502 Gjõvik;502;Gjõvik;29668;2963;26705;576;26129;100;10;90;1,9;88,1;14737;1519;13218;283;12935;49,7;5,1;44,6;1;43,6;14931;1444;13487;293;13194;50,3;4,9;45,5;1;44,5
0511 Dovre;511;Dovre;2704;211;2493;12;2481;100;7,8;92,2;0,4;91,8;1354;101;1253;8;1245;50,1;3,7;46,3;0,3;46;1350;110;1240;4;1236;49,9;4,1;45,9;0,1;45,7
0512 Lesja;512;Lesja;2076;125;1951;7;1944;100;6;94;0,3;93,6;1058;64;994;4;990;51;3,1;47,9;0,2;47,7;1018;61;957;3;954;49;2,9;46,1;0,1;46
0513 SkjÜk;513;SkjÜk;2264;136;2128;7;2121;100;6;94;0,3;93,7;1148;85;1063;7;1057;50,7;3,8;47;0,3;46,7;1116;51;1065;0;1064;49,3;2,3;47;0;47
0514 Lom;514;Lom;2361;103;2258;13;2245;100;4,4;95,6;0,6;95,1;1218;55;1163;8;1155;51,6;2,3;49,3;0,3;48,9;1143;48;1095;5;1090;48,4;2;46,4;0,2;46,2
0515 VÜgÜ;515;VÜgÜ;3686;149;3537;18;3519;100;4;96;0,5;95,5;1854;62;1792;14;1778;50,3;1,7;48,6;0,4;48,2;1832;87;1745;4;1741;49,7;2,4;47,3;0,1;47,2
0516 Nord-Fron;516;Nord-Fron;5765;308;5457;24;5433;100;5,3;94,7;0,4;94,2;2898;157;2741;13;2728;50,3;2,7;47,5;0,2;47,3;2867;151;2716;11;2705;49,7;2,6;47,1;0,2;46,9
0517 Sel;517;Sel;5974;328;5646;35;5611;100;5,5;94,5;0,6;93,9;3017;181;2836;21;2815;50,5;3;47,5;0,4;47,1;2957;147;2810;14;2796;49,5;2,5;47;0,2;46,8
0519 Sõr-Fron;519;Sõr-Fron;3191;206;2985;25;2960;100;6,5;93,5;0,8;92,8;1619;117;1502;12;1490;50,7;3,7;47,1;0,4;46,7;1572;89;1483;13;1470;49,3;2,8;46,5;0,4;46,1
0520 Ringebu;520;Ringebu;4495;386;4109;33;4076;100;8,6;91,4;0,7;90,7;2257;222;2035;12;2023;50,2;4,9;45,3;0,3;45;2238;164;2074;21;2053;49,8;3,6;46,1;0,5;45,7
0521 ùyer;521;ùyer;5090;522;4568;59;4509;100;10,3;89,7;1,2;88,6;2608;297;2311;30;2281;51,2;5,8;45,4;0,6;44,8;2482;225;2257;29;2228;48,8;4,4;44,3;0,6;43,8
0522 Gausdal;522;Gausdal;6237;325;5912;32;5880;100;5,2;94,8;0,5;94,3;3185;175;3010;16;2994;51,1;2,8;48,3;0,3;48;3052;150;2902;16;2886;48,9;2,4;46,5;0,3;46,3
0528 ùstre Toten;528;ùstre Toten;14777;1025;13752;133;13619;100;6,9;93,1;0,9;92,2;7421;535;6886;63;6823;50,2;3,6;46,6;0,4;46,2;7356;490;6866;70;6796;49,8;3,3;46,5;0,5;46
0529 Vestre Toten;529;Vestre Toten;13075;826;12249;128;12121;100;6,3;93,7;1;92,7;6578;418;6160;69;6091;50,3;3,2;47,1;0,5;46,6;6497;408;6089;59;6030;49,7;3,1;46,6;0,5;46,1
0532 Jevnaker;532;Jevnaker;6516;465;6051;60;5991;100;7,1;92,9;0,9;91,9;3226;247;2979;33;2946;49,5;3,8;45,7;0,5;45,2;3290;218;3072;27;3045;50,5;3,3;47,1;0,4;46,7
0533 Lunner;533;Lunner;8952;717;8235;73;8162;100;8;92;0,8;91,2;4493;362;4131;34;4097;50,2;4;46,1;0,4;45,8;4459;355;4104;39;4065;49,8;4;45,8;0,4;45,4
0534 Gran;534;Gran;13607;1000;12607;158;12449;100;7,3;92,7;1,2;91,5;6760;536;6224;73;6151;49,7;3,9;45,7;0,5;45,2;6847;464;6383;85;6298;50,3;3,4;46,9;0,6;46,3
0536 Sõndre Land;536;Sõndre Land;5701;364;5337;43;5294;100;6,4;93,6;0,8;92,9;2911;192;2719;23;2696;51,1;3,4;47,7;0,4;47,3;2790;172;2618;20;2598;48,9;3;45,9;0,4;45,6
0538 Nordre Land;538;Nordre Land;6700;346;6354;34;6320;100;5,2;94,8;0,5;94,3;3314;186;3128;12;3116;49,5;2,8;46,7;0,2;46,5;3386;160;3226;22;3204;50,5;2,4;48,1;0,3;47,8
0540 Sõr-Aurdal;540;Sõr-Aurdal;3133;183;2950;19;2931;100;5,8;94,2;0,6;93,6;1618;103;1515;10;1505;51,6;3,3;48,4;0,3;48;1515;80;1435;9;1426;48,4;2,6;45,8;0,3;45,5
0541 Etnedal;541;Etnedal;1408;163;1245;6;1239;100;11,6;88,4;0,4;88;755;114;641;6;637;53,6;8,1;45,5;0,4;45,2;653;49;604;0;602;46,4;3,5;42,9;0;42,8
0542 Nord-Aurdal;542;Nord-Aurdal;6417;545;5872;53;5819;100;8,5;91,5;0,8;90,7;3196;290;2906;26;2880;49,8;4,5;45,3;0,4;44,9;3221;255;2966;27;2939;50,2;4;46,2;0,4;45,8
0543 Vestre Slidre;543;Vestre Slidre;2187;147;2040;8;2032;100;6,7;93,3;0,4;92,9;1104;77;1027;4;1023;50,5;3,5;47;0,2;46,8;1083;70;1013;4;1009;49,5;3,2;46,3;0,2;46,1
0544 ùystre Slidre;544;ùystre Slidre;3206;240;2966;30;2936;100;7,5;92,5;0,9;91,6;1600;114;1486;16;1470;49,9;3,6;46,4;0,5;45,9;1606;126;1480;14;1466;50,1;3,9;46,2;0,4;45,7
0545 Vang;545;Vang;1602;211;1391;20;1371;100;13,2;86,8;1,2;85,6;829;120;709;11;698;51,7;7,5;44,3;0,7;43,6;773;91;682;9;673;48,3;5,7;42,6;0,6;42
0602 Drammen;602;Drammen;66214;13146;53068;4206;48862;100;19,9;80,1;6,4;73,8;32772;6816;25956;2180;23776;49,5;10,3;39,2;3,3;35,9;33442;6330;27112;2026;25086;50,5;9,6;40,9;3,1;37,9
0604 Kongsberg;604;Kongsberg;26406;3457;22949;451;22498;100;13,1;86,9;1,7;85,2;13412;1745;11667;224;11443;50,8;6,6;44,2;0,8;43,3;12994;1712;11282;227;11055;49,2;6,5;42,7;0,9;41,9
0605 Ringerike;605;Ringerike;29624;3007;26617;504;26113;100;10,2;89,8;1,7;88,1;14793;1505;13288;253;13035;49,9;5,1;44,9;0,9;44;14831;1502;13329;251;13078;50,1;5,1;45;0,8;44,1
0612 Hole;612;Hole;6595;834;5761;85;5676;100;12,6;87,4;1,3;86,1;3348;451;2897;47;2850;50,8;6,8;43,9;0,7;43,2;3247;383;2864;38;2826;49,2;5,8;43,4;0,6;42,9
0615 FlÜ;615;FlÜ;1033;86;947;4;943;100;8,3;91,7;0,4;91,3;535;45;490;4;488;51,8;4,4;47,4;0,4;47,2;498;41;457;0;455;48,2;4;44,2;0;44
0616 Nes (Busk.);616;Nes (Busk.);3445;370;3075;45;3030;100;10,7;89,3;1,3;88;1716;183;1533;18;1515;49,8;5,3;44,5;0,5;44;1729;187;1542;27;1515;50,2;5,4;44,8;0,8;44
0617 Gol;617;Gol;4631;647;3984;78;3906;100;14;86;1,7;84,3;2291;321;1970;34;1936;49,5;6,9;42,5;0,7;41,8;2340;326;2014;44;1970;50,5;7;43,5;1;42,5
0618 Hemsedal;618;Hemsedal;2295;420;1875;42;1833;100;18,3;81,7;1,8;79,9;1179;228;951;19;932;51,4;9,9;41,4;0,8;40,6;1116;192;924;23;901;48,6;8,4;40,3;1;39,3
0619 èl;619;èl;4713;424;4289;32;4257;100;9;91;0,7;90,3;2347;224;2123;20;2103;49,8;4,8;45;0,4;44,6;2366;200;2166;12;2154;50,2;4,2;46;0,3;45,7
0620 Hol;620;Hol;4452;640;3812;49;3763;100;14,4;85,6;1,1;84,5;2261;339;1922;37;1885;50,8;7,6;43,2;0,8;42,3;2191;301;1890;12;1878;49,2;6,8;42,5;0,3;42,2
0621 Sigdal;621;Sigdal;3509;187;3322;21;3301;100;5,3;94,7;0,6;94,1;1746;89;1657;9;1648;49,8;2,5;47,2;0,3;47;1763;98;1665;12;1653;50,2;2,8;47,4;0,3;47,1
0622 Krõdsherad;622;Krõdsherad;2265;239;2026;15;2011;100;10,6;89,4;0,7;88,8;1119;137;982;8;974;49,4;6;43,4;0,4;43;1146;102;1044;7;1037;50,6;4,5;46,1;0,3;45,8
0623 Modum;623;Modum;13581;1128;12453;196;12257;100;8,3;91,7;1,4;90,3;6793;576;6217;92;6125;50;4,2;45,8;0,7;45,1;6788;552;6236;104;6132;50;4,1;45,9;0,8;45,2
0624 ùvre Eiker;624;ùvre Eiker;17919;1940;15979;243;15736;100;10,8;89,2;1,4;87,8;9110;1060;8050;119;7931;50,8;5,9;44,9;0,7;44,3;8809;880;7929;124;7805;49,2;4,9;44,2;0,7;43,6
0625 Nedre Eiker;625;Nedre Eiker;23811;3333;20478;1005;19473;100;14;86;4,2;81,8;11891;1727;10164;494;9670;49,9;7,3;42,7;2,1;40,6;11920;1606;10314;511;9803;50,1;6,7;43,3;2,1;41,2
0626 Lier;626;Lier;25175;3709;21466;815;20651;100;14,7;85,3;3,2;82;12785;2017;10768;434;10334;50,8;8;42,8;1,7;41;12390;1692;10698;381;10317;49,2;6,7;42,5;1,5;41
0627 Rõyken;627;Rõyken;20621;2409;18212;368;17844;100;11,7;88,3;1,8;86,5;10430;1254;9176;184;8992;50,6;6,1;44,5;0,9;43,6;10191;1155;9036;184;8852;49,4;5,6;43,8;0,9;42,9
0628 Hurum;628;Hurum;9330;955;8375;117;8258;100;10,2;89,8;1,3;88,5;4682;518;4164;56;4108;50,2;5,6;44,6;0,6;44;4648;437;4211;61;4150;49,8;4,7;45,1;0,7;44,5
0631 Flesberg;631;Flesberg;2683;209;2474;26;2448;100;7,8;92,2;1;91,2;1381;111;1270;14;1256;51,5;4,1;47,3;0,5;46,8;1302;98;1204;12;1192;48,5;3,7;44,9;0,4;44,4
0632 Rollag;632;Rollag;1369;84;1285;14;1271;100;6,1;93,9;1;92,8;680;42;638;8;630;49,7;3,1;46,6;0,6;46;689;42;647;6;641;50,3;3,1;47,3;0,4;46,8
0633 Nore og Uvdal;633;Nore og Uvdal;2557;205;2352;12;2340;100;8;92;0,5;91,5;1331;120;1211;7;1204;52,1;4,7;47,4;0,3;47,1;1226;85;1141;5;1136;47,9;3,3;44,6;0,2;44,4
0701 Horten;701;Horten;26751;3053;23698;565;23133;100;11,4;88,6;2,1;86,5;13316;1504;11812;289;11523;49,8;5,6;44,2;1,1;43,1;13435;1549;11886;276;11610;50,2;5,8;44,4;1;43,4
0702 Holmestrand;702;Holmestrand;10456;873;9583;139;9444;100;8,3;91,7;1,3;90,3;5200;419;4781;82;4699;49,7;4;45,7;0,8;44,9;5256;454;4802;57;4745;50,3;4,3;45,9;0,5;45,4
0704 Tõnsberg;704;Tõnsberg;41550;4496;37054;762;36292;100;10,8;89,2;1,8;87,3;20514;2380;18134;371;17763;49,4;5,7;43,6;0,9;42,8;21036;2116;18920;391;18529;50,6;5,1;45,5;0,9;44,6
0706 Sandefjord;706;Sandefjord;44976;5472;39504;1167;38337;100;12,2;87,8;2,6;85,2;22185;2757;19428;612;18816;49,3;6,1;43,2;1,4;41,8;22791;2715;20076;555;19521;50,7;6;44,6;1,2;43,4
0709 Larvik;709;Larvik;43258;4245;39013;910;38103;100;9,8;90,2;2,1;88,1;21500;2175;19325;470;18855;49,7;5;44,7;1,1;43,6;21758;2070;19688;440;19248;50,3;4,8;45,5;1;44,5
0711 Svelvik;711;Svelvik;6580;622;5958;88;5870;100;9,5;90,5;1,3;89,2;3293;310;2983;42;2941;50;4,7;45,3;0,6;44,7;3287;312;2975;46;2929;50;4,7;45,2;0,7;44,5
0713 Sande (Vestf.);713;Sande (Vestf.);9036;827;8209;128;8081;100;9,2;90,8;1,4;89,4;4521;447;4074;63;4011;50;4,9;45,1;0,7;44,4;4515;380;4135;65;4070;50;4,2;45,8;0,7;45
0714 Hof;714;Hof;3091;205;2886;28;2858;100;6,6;93,4;0,9;92,5;1566;101;1465;14;1451;50,7;3,3;47,4;0,5;46,9;1525;104;1421;14;1407;49,3;3,4;46;0,5;45,5
0716 Re;716;Re (f.o.m. 2002);9144;764;8380;105;8275;100;8,4;91,6;1,1;90,5;4693;411;4282;59;4223;51,3;4,5;46,8;0,6;46,2;4451;353;4098;46;4052;48,7;3,9;44,8;0,5;44,3
0719 Andebu;719;Andebu;5719;485;5234;83;5151;100;8,5;91,5;1,5;90,1;2923;238;2685;53;2632;51,1;4,2;46,9;0,9;46;2796;247;2549;30;2519;48,9;4,3;44,6;0,5;44
0720 Stokke;720;Stokke;11509;1325;10184;175;10009;100;11,5;88,5;1,5;87;5823;685;5138;84;5054;50,6;6;44,6;0,7;43,9;5686;640;5046;91;4955;49,4;5,6;43,8;0,8;43,1
0722 Nõtterõy;722;Nõtterõy;21403;1948;19455;358;19097;100;9,1;90,9;1,7;89,2;10399;933;9466;202;9264;48,6;4,4;44,2;0,9;43,3;11004;1015;9989;156;9833;51,4;4,7;46,7;0,7;45,9
0723 Tjõme;723;Tjõme;4927;469;4458;44;4414;100;9,5;90,5;0,9;89,6;2466;220;2246;22;2224;50,1;4,5;45,6;0,4;45,1;2461;249;2212;22;2190;49,9;5,1;44,9;0,4;44,4
0728 Lardal;728;Lardal;2460;151;2309;17;2292;100;6,1;93,9;0,7;93,2;1270;80;1190;8;1182;51,6;3,3;48,4;0,3;48;1190;71;1119;9;1110;48,4;2,9;45,5;0,4;45,1
0805 Porsgrunn;805;Porsgrunn;35516;3354;32162;585;31577;100;9,4;90,6;1,6;88,9;17616;1753;15863;297;15566;49,6;4,9;44,7;0,8;43,8;17900;1601;16299;288;16011;50,4;4,5;45,9;0,8;45,1
0806 Skien;806;Skien;53439;6122;47317;1538;45779;100;11,5;88,5;2,9;85,7;26369;3075;23294;793;22501;49,3;5,8;43,6;1,5;42,1;27070;3047;24023;745;23278;50,7;5,7;45;1,4;43,6
0807 Notodden;807;Notodden;12609;1048;11561;129;11432;100;8,3;91,7;1;90,7;6297;540;5757;80;5677;49,9;4,3;45,7;0,6;45;6312;508;5804;49;5755;50,1;4;46;0,4;45,6
0811 Siljan;811;Siljan;2404;140;2264;11;2253;100;5,8;94,2;0,5;93,7;1208;58;1150;6;1144;50,2;2,4;47,8;0,2;47,6;1196;82;1114;5;1109;49,8;3,4;46,3;0,2;46,1
0814 Bamble;814;Bamble;14193;975;13218;111;13107;100;6,9;93,1;0,8;92,3;7189;477;6712;58;6654;50,7;3,4;47,3;0,4;46,9;7004;498;6506;53;6453;49,3;3,5;45,8;0,4;45,5
0815 Kragerõ;815;Kragerõ;10621;933;9688;120;9568;100;8,8;91,2;1,1;90,1;5309;469;4840;58;4782;50;4,4;45,6;0,5;45;5312;464;4848;62;4786;50;4,4;45,6;0,6;45,1
0817 Drangedal;817;Drangedal;4135;314;3821;21;3800;100;7,6;92,4;0,5;91,9;2084;133;1951;11;1940;50,4;3,2;47,2;0,3;46,9;2051;181;1870;10;1860;49,6;4,4;45,2;0,2;45
0819 Nome;819;Nome;6643;647;5996;91;5905;100;9,7;90,3;1,4;88,9;3320;305;3015;47;2968;50;4,6;45,4;0,7;44,7;3323;342;2981;44;2937;50;5,1;44,9;0,7;44,2
0821 Bõ (Telemark);821;Bõ (Telem.);5834;582;5252;93;5159;100;10;90;1,6;88,4;2896;285;2611;56;2555;49,6;4,9;44,8;1;43,8;2938;297;2641;37;2604;50,4;5,1;45,3;0,6;44,6
0822 Sauherad;822;Sauherad;4325;392;3933;43;3890;100;9,1;90,9;1;89,9;2196;198;1998;18;1980;50,8;4,6;46,2;0,4;45,8;2129;194;1935;25;1910;49,2;4,5;44,7;0,6;44,2
0826 Tinn;826;Tinn;5957;592;5365;96;5269;100;9,9;90,1;1,6;88,5;2921;294;2627;41;2586;49;4,9;44,1;0,7;43,4;3036;298;2738;55;2683;51;5;46;0,9;45
0827 Hjartdal;827;Hjartdal;1602;71;1531;0;1531;100;4,4;95,6;0;95,6;801;34;767;0;767;50;2,1;47,9;0;47,9;801;37;764;0;764;50;2,3;47,7;0;47,7
0828 Seljord;828;Seljord;2989;217;2772;23;2749;100;7,3;92,7;0,8;92;1472;104;1368;13;1355;49,2;3,5;45,8;0,4;45,3;1517;113;1404;10;1394;50,8;3,8;47;0,3;46,6
0829 Kviteseid;829;Kviteseid;2468;184;2284;14;2270;100;7,5;92,5;0,6;92;1251;83;1168;7;1161;50,7;3,4;47,3;0,3;47;1217;101;1116;7;1109;49,3;4,1;45,2;0,3;44,9
0830 Nissedal;830;Nissedal;1451;108;1343;7;1336;100;7,4;92,6;0,5;92,1;740;53;687;7;682;51;3,7;47,3;0,5;47;711;55;656;0;654;49;3,8;45,2;0;45,1
0831 Fyresdal;831;Fyresdal;1303;127;1176;13;1163;100;9,7;90,3;1;89,3;666;63;603;6;597;51,1;4,8;46,3;0,5;45,8;637;64;573;7;566;48,9;4,9;44;0,5;43,4
0833 Tokke;833;Tokke;2257;130;2127;8;2119;100;5,8;94,2;0,4;93,9;1146;58;1088;4;1084;50,8;2,6;48,2;0,2;48;1111;72;1039;4;1035;49,2;3,2;46;0,2;45,9
0834 Vinje;834;Vinje;3723;280;3443;41;3402;100;7,5;92,5;1,1;91,4;1865;142;1723;21;1702;50,1;3,8;46,3;0,6;45,7;1858;138;1720;20;1700;49,9;3,7;46,2;0,5;45,7
0901 Risõr;901;Risõr;6899;607;6292;57;6235;100;8,8;91,2;0,8;90,4;3425;306;3119;24;3095;49,6;4,4;45,2;0,3;44,9;3474;301;3173;33;3140;50,4;4,4;46;0,5;45,5
0904 Grimstad;904;Grimstad;21783;2293;19490;291;19199;100;10,5;89,5;1,3;88,1;10963;1196;9767;150;9617;50,3;5,5;44,8;0,7;44,1;10820;1097;9723;141;9582;49,7;5;44,6;0,6;44
0906 Arendal;906;Arendal;43841;4681;39160;799;38361;100;10,7;89,3;1,8;87,5;21852;2384;19468;413;19055;49,8;5,4;44,4;0,9;43,5;21989;2297;19692;386;19306;50,2;5,2;44,9;0,9;44
0911 Gjerstad;911;Gjerstad;2489;183;2306;26;2280;100;7,4;92,6;1;91,6;1266;97;1169;13;1156;50,9;3,9;47;0,5;46,4;1223;86;1137;13;1124;49,1;3,5;45,7;0,5;45,2
0912 VegÜrshei;912;VegÜrshei;2000;126;1874;14;1860;100;6,3;93,7;0,7;93;1000;61;939;11;928;50;3;46,9;0,5;46,4;1000;65;935;3;932;50;3,3;46,8;0,1;46,6
0914 Tvedestrand;914;Tvedestrand;6059;556;5503;70;5433;100;9,2;90,8;1,2;89,7;3000;291;2709;35;2674;49,5;4,8;44,7;0,6;44,1;3059;265;2794;35;2759;50,5;4,4;46,1;0,6;45,5
0919 Froland;919;Froland;5486;358;5128;48;5080;100;6,5;93,5;0,9;92,6;2821;191;2630;27;2603;51,4;3,5;47,9;0,5;47,4;2665;167;2498;21;2477;48,6;3;45,5;0,4;45,2
0926 Lillesand;926;Lillesand;10106;829;9277;145;9132;100;8,2;91,8;1,4;90,4;5079;386;4693;70;4623;50,3;3,8;46,4;0,7;45,7;5027;443;4584;75;4509;49,7;4,4;45,4;0,7;44,6
0928 Birkenes;928;Birkenes;4993;447;4546;75;4471;100;9;91;1,5;89,5;2543;234;2309;39;2270;50,9;4,7;46,2;0,8;45,5;2450;213;2237;36;2201;49,1;4,3;44,8;0,7;44,1
0929 èmli;929;èmli;1810;203;1607;16;1591;100;11,2;88,8;0,9;87,9;931;101;830;10;820;51,4;5,6;45,9;0,6;45,3;879;102;777;6;771;48,6;5,6;42,9;0,3;42,6
0935 Iveland;935;Iveland;1314;117;1197;15;1182;100;8,9;91,1;1,1;90;665;61;604;9;595;50,6;4,6;46;0,7;45,3;649;56;593;6;587;49,4;4,3;45,1;0,5;44,7
0937 Evje og Hornnes;937;Evje og Hornnes;3549;366;3183;65;3118;100;10,3;89,7;1,8;87,9;1799;177;1622;40;1582;50,7;5;45,7;1,1;44,6;1750;189;1561;25;1536;49,3;5,3;44;0,7;43,3
0938 Bygland;938;Bygland;1200;71;1129;11;1118;100;5,9;94,1;0,9;93,2;611;37;574;6;568;50,9;3,1;47,8;0,5;47,3;589;34;555;5;550;49,1;2,8;46,3;0,4;45,8
0940 Valle;940;Valle;1270;109;1161;6;1155;100;8,6;91,4;0,5;90,9;652;50;602;6;598;51,3;3,9;47,4;0,5;47,1;618;59;559;0;557;48,7;4,6;44;0;43,9
0941 Bykle;941;Bykle;948;162;786;10;776;100;17,1;82,9;1,1;81,9;495;86;409;6;403;52,2;9,1;43,1;0,6;42,5;453;76;377;4;373;47,8;8;39,8;0,4;39,3
1001 Kristiansand;1001;Kristiansand;85983;11348;74635;2529;72106;100;13,2;86,8;2,9;83,9;42908;5926;36982;1338;35644;49,9;6,9;43;1,6;41,5;43075;5422;37653;1191;36462;50,1;6,3;43,8;1,4;42,4
1002 Mandal;1002;Mandal;15349;1477;13872;170;13702;100;9,6;90,4;1,1;89,3;7613;717;6896;86;6810;49,6;4,7;44,9;0,6;44,4;7736;760;6976;84;6892;50,4;5;45,4;0,5;44,9
1003 Farsund;1003;Farsund;9516;719;8797;92;8705;100;7,6;92,4;1;91,5;4797;341;4456;53;4403;50,4;3,6;46,8;0,6;46,3;4719;378;4341;39;4302;49,6;4;45,6;0,4;45,2
1004 Flekkefjord;1004;Flekkefjord;9013;872;8141;132;8009;100;9,7;90,3;1,5;88,9;4601;440;4161;68;4093;51;4,9;46,2;0,8;45,4;4412;432;3980;64;3916;49;4,8;44,2;0,7;43,4
1014 Vennesla;1014;Vennesla;13986;1088;12898;187;12711;100;7,8;92,2;1,3;90,9;7042;565;6477;101;6376;50,4;4;46,3;0,7;45,6;6944;523;6421;86;6335;49,6;3,7;45,9;0,6;45,3
1017 Songdalen;1017;Songdalen;6303;763;5540;153;5387;100;12,1;87,9;2,4;85,5;3185;389;2796;83;2713;50,5;6,2;44,4;1,3;43;3118;374;2744;70;2674;49,5;5,9;43,5;1,1;42,4
1018 Sõgne;1018;Sõgne;11005;845;10160;111;10049;100;7,7;92,3;1;91,3;5529;440;5089;55;5034;50,2;4;46,2;0,5;45,7;5476;405;5071;56;5015;49,8;3,7;46,1;0,5;45,6
1021 Marnardal;1021;Marnardal;2290;192;2098;14;2084;100;8,4;91,6;0,6;91;1171;107;1064;9;1055;51,1;4,7;46,5;0,4;46,1;1119;85;1034;5;1029;48,9;3,7;45,2;0,2;44,9
1026 èseral;1026;èseral;923;97;826;9;817;100;10,5;89,5;1;88,5;472;55;417;6;411;51,1;6;45,2;0,7;44,5;451;42;409;3;406;48,9;4,6;44,3;0,3;44
1027 Audnedal;1027;Audnedal;1743;109;1634;5;1629;100;6,3;93,7;0,3;93,5;868;52;816;5;813;49,8;3;46,8;0,3;46,6;875;57;818;0;816;50,2;3,3;46,9;0;46,8
1029 Lindesnes;1029;Lindesnes;4853;461;4392;61;4331;100;9,5;90,5;1,3;89,2;2452;220;2232;27;2205;50,5;4,5;46;0,6;45,4;2401;241;2160;34;2126;49,5;5;44,5;0,7;43,8
1032 Lyngdal;1032;Lyngdal;8102;806;7296;113;7183;100;9,9;90,1;1,4;88,7;4050;377;3673;57;3616;50;4,7;45,3;0,7;44,6;4052;429;3623;56;3567;50;5,3;44,7;0,7;44
1034 Hëgebostad;1034;Hëgebostad;1690;113;1577;17;1560;100;6,7;93,3;1;92,3;885;54;831;10;821;52,4;3,2;49,2;0,6;48,6;805;59;746;7;739;47,6;3,5;44,1;0,4;43,7
1037 Kvinesdal;1037;Kvinesdal;5891;473;5418;41;5377;100;8;92;0,7;91,3;2981;231;2750;23;2727;50,6;3,9;46,7;0,4;46,3;2910;242;2668;18;2650;49,4;4,1;45,3;0,3;45
1046 Sirdal;1046;Sirdal;1831;181;1650;16;1634;100;9,9;90,1;0,9;89,2;940;93;847;10;837;51,3;5,1;46,3;0,5;45,7;891;88;803;6;797;48,7;4,8;43,9;0,3;43,5
1101 Eigersund;1101;Eigersund;14811;1535;13276;189;13087;100;10,4;89,6;1,3;88,4;7548;861;6687;101;6586;51;5,8;45,1;0,7;44,5;7263;674;6589;88;6501;49;4,6;44,5;0,6;43,9
1102 Sandnes;1102;Sandnes;71900;11508;60392;2289;58103;100;16;84;3,2;80,8;36669;6218;30451;1170;29281;51;8,6;42,4;1,6;40,7;35231;5290;29941;1119;28822;49;7,4;41,6;1,6;40,1
1103 Stavanger;1103;Stavanger;130754;23565;107189;3966;103223;100;18;82;3;78,9;66008;13004;53004;1985;51019;50,5;9,9;40,5;1,5;39;64746;10561;54185;1981;52204;49,5;8,1;41,4;1,5;39,9
1106 Haugesund;1106;Haugesund;36099;4990;31109;675;30434;100;13,8;86,2;1,9;84,3;18317;2863;15454;337;15117;50,7;7,9;42,8;0,9;41,9;17782;2127;15655;338;15317;49,3;5,9;43,4;0,9;42,4
1111 Sokndal;1111;Sokndal;3303;165;3138;4;3134;100;5;95;0,1;94,9;1654;72;1582;0;1580;50,1;2,2;47,9;0;47,8;1649;93;1556;4;1554;49,9;2,8;47,1;0,1;47
1112 Lund;1112;Lund;3225;252;2973;29;2944;100;7,8;92,2;0,9;91,3;1614;112;1502;19;1483;50;3,5;46,6;0,6;46;1611;140;1471;10;1461;50;4,3;45,6;0,3;45,3
1114 Bjerkreim;1114;Bjerkreim;2820;243;2577;36;2541;100;8,6;91,4;1,3;90,1;1446;131;1315;22;1293;51,3;4,6;46,6;0,8;45,9;1374;112;1262;14;1248;48,7;4;44,8;0,5;44,3
1119 HÜ;1119;HÜ;18115;2267;15848;313;15535;100;12,5;87,5;1,7;85,8;9345;1296;8049;178;7871;51,6;7,2;44,4;1;43,5;8770;971;7799;135;7664;48,4;5,4;43,1;0,7;42,3
1120 Klepp;1120;Klepp;18485;2097;16388;325;16063;100;11,3;88,7;1,8;86,9;9515;1150;8365;171;8194;51,5;6,2;45,3;0,9;44,3;8970;947;8023;154;7869;48,5;5,1;43,4;0,8;42,6
1121 Time;1121;Time;17897;1644;16253;273;15980;100;9,2;90,8;1,5;89,3;9180;882;8298;160;8138;51,3;4,9;46,4;0,9;45,5;8717;762;7955;113;7842;48,7;4,3;44,4;0,6;43,8
1122 Gjesdal;1122;Gjesdal;11317;1213;10104;176;9928;100;10,7;89,3;1,6;87,7;5795;664;5131;94;5037;51,2;5,9;45,3;0,8;44,5;5522;549;4973;82;4891;48,8;4,9;43,9;0,7;43,2
1124 Sola;1124;Sola;25083;3741;21342;589;20753;100;14,9;85,1;2,3;82,7;12801;1963;10838;312;10526;51;7,8;43,2;1,2;42;12282;1778;10504;277;10227;49;7,1;41,9;1,1;40,8
1127 Randaberg;1127;Randaberg;10416;1000;9416;137;9279;100;9,6;90,4;1,3;89,1;5286;538;4748;72;4676;50,7;5,2;45,6;0,7;44,9;5130;462;4668;65;4603;49,3;4,4;44,8;0,6;44,2
1129 Forsand;1129;Forsand;1242;101;1141;9;1132;100;8,1;91,9;0,7;91,1;648;56;592;5;587;52,2;4,5;47,7;0,4;47,3;594;45;549;4;545;47,8;3,6;44,2;0,3;43,9
1130 Strand;1130;Strand;12139;1067;11072;135;10937;100;8,8;91,2;1,1;90,1;6140;528;5612;55;5557;50,6;4,3;46,2;0,5;45,8;5999;539;5460;80;5380;49,4;4,4;45;0,7;44,3
1133 Hjelmeland;1133;Hjelmeland;2787;429;2358;54;2304;100;15,4;84,6;1,9;82,7;1427;221;1206;25;1181;51,2;7,9;43,3;0,9;42,4;1360;208;1152;29;1123;48,8;7,5;41,3;1;40,3
1134 Suldal;1134;Suldal;3881;348;3533;27;3506;100;9;91;0,7;90,3;1942;170;1772;14;1758;50;4,4;45,7;0,4;45,3;1939;178;1761;13;1748;50;4,6;45,4;0,3;45
1135 Sauda;1135;Sauda;4760;330;4430;18;4412;100;6,9;93,1;0,4;92,7;2357;169;2188;12;2176;49,5;3,6;46;0,3;45,7;2403;161;2242;6;2236;50,5;3,4;47,1;0,1;47
1141 Finnõy;1141;Finnõy;3058;353;2705;47;2658;100;11,5;88,5;1,5;86,9;1579;206;1373;21;1352;51,6;6,7;44,9;0,7;44,2;1479;147;1332;26;1306;48,4;4,8;43,6;0,9;42,7
1142 Rennesõy;1142;Rennesõy;4755;491;4264;46;4218;100;10,3;89,7;1;88,7;2438;261;2177;20;2157;51,3;5,5;45,8;0,4;45,4;2317;230;2087;26;2061;48,7;4,8;43,9;0,5;43,3
1144 Kvitsõy;1144;Kvitsõy;531;41;490;3;487;100;7,7;92,3;0,6;91,7;278;18;260;3;259;52,4;3,4;49;0,6;48,8;253;23;230;0;229;47,6;4,3;43,3;0;43,1
1145 Bokn;1145;Bokn;868;81;787;3;784;100;9,3;90,7;0,3;90,3;455;44;411;3;408;52,4;5,1;47,4;0,3;47;413;37;376;0;376;47,6;4,3;43,3;0;43,3
1146 Tysvër;1146;Tysvër;10668;749;9919;80;9839;100;7;93;0,7;92,2;5477;404;5073;37;5036;51,3;3,8;47,6;0,3;47,2;5191;345;4846;43;4803;48,7;3,2;45,4;0,4;45
1149 Karmõy;1149;Karmõy;41753;3447;38306;399;37907;100;8,3;91,7;1;90,8;21102;1785;19317;207;19110;50,5;4,3;46,3;0,5;45,8;20651;1662;18989;192;18797;49,5;4;45,5;0,5;45
1151 Utsira;1151;Utsira;211;15;196;3;193;100;7,1;92,9;1,4;91,5;116;6;110;3;108;55;2,8;52,1;1,4;51,2;95;9;86;0;85;45;4,3;40,8;0;40,3
1160 Vindafjord;1160;Vindafjord;8747;1010;7737;78;7659;100;11,5;88,5;0,9;87,6;4518;567;3951;40;3911;51,7;6,5;45,2;0,5;44,7;4229;443;3786;38;3748;48,3;5,1;43,3;0,4;42,8
1201 Bergen;1201;Bergen;271949;36258;235691;5905;229786;100;13,3;86,7;2,2;84,5;136760;19772;116988;3018;113970;50,3;7,3;43;1,1;41,9;135189;16486;118703;2887;115816;49,7;6,1;43,6;1,1;42,6
1211 Etne;1211;Etne;4057;391;3666;25;3641;100;9,6;90,4;0,6;89,7;2086;221;1865;13;1852;51,4;5,4;46;0,3;45,6;1971;170;1801;12;1789;48,6;4,2;44,4;0,3;44,1
1216 Sveio;1216;Sveio;5463;446;5017;44;4973;100;8,2;91,8;0,8;91;2850;250;2600;20;2580;52,2;4,6;47,6;0,4;47,2;2613;196;2417;24;2393;47,8;3,6;44,2;0,4;43,8
1219 Bõmlo;1219;Bõmlo;11749;1058;10691;120;10571;100;9;91;1;90;6018;550;5468;61;5407;51,2;4,7;46,5;0,5;46;5731;508;5223;59;5164;48,8;4,3;44,5;0,5;44
1221 Stord;1221;Stord;18425;1757;16668;218;16450;100;9,5;90,5;1,2;89,3;9360;1008;8352;106;8246;50,8;5,5;45,3;0,6;44,8;9065;749;8316;112;8204;49,2;4,1;45,1;0,6;44,5
1222 Fitjar;1222;Fitjar;3009;180;2829;11;2818;100;6;94;0,4;93,7;1533;94;1439;5;1434;50,9;3,1;47,8;0,2;47,7;1476;86;1390;6;1384;49,1;2,9;46,2;0,2;46
1223 Tysnes;1223;Tysnes;2745;207;2538;11;2527;100;7,5;92,5;0,4;92,1;1385;93;1292;6;1286;50,5;3,4;47,1;0,2;46,8;1360;114;1246;5;1241;49,5;4,2;45,4;0,2;45,2
1224 Kvinnherad;1224;Kvinnherad;13232;880;12352;89;12263;100;6,7;93,3;0,7;92,7;6654;424;6230;59;6171;50,3;3,2;47,1;0,4;46,6;6578;456;6122;30;6092;49,7;3,4;46,3;0,2;46
1227 Jondal;1227;Jondal;1094;65;1029;3;1026;100;5,9;94,1;0,3;93,8;549;36;513;3;512;50,2;3,3;46,9;0,3;46,8;545;29;516;0;516;49,8;2,7;47,2;0;47,2
1228 Odda;1228;Odda;7006;596;6410;64;6346;100;8,5;91,5;0,9;90,6;3461;284;3177;26;3151;49,4;4,1;45,3;0,4;45;3545;312;3233;38;3195;50,6;4,5;46,1;0,5;45,6
1231 Ullensvang;1231;Ullensvang;3369;307;3062;44;3018;100;9,1;90,9;1,3;89,6;1705;148;1557;21;1536;50,6;4,4;46,2;0,6;45,6;1664;159;1505;23;1482;49,4;4,7;44,7;0,7;44
1232 Eidfjord;1232;Eidfjord;950;93;857;14;843;100;9,8;90,2;1,5;88,7;467;44;423;6;417;49,2;4,6;44,5;0,6;43,9;483;49;434;8;426;50,8;5,2;45,7;0,8;44,8
1233 Ulvik;1233;Ulvik;1094;121;973;14;959;100;11,1;88,9;1,3;87,7;566;63;503;9;494;51,7;5,8;46;0,8;45,2;528;58;470;5;465;48,3;5,3;43;0,5;42,5
1234 Granvin;1234;Granvin;911;57;854;3;851;100;6,3;93,7;0,3;93,4;465;27;438;0;437;51;3;48,1;0;48;446;30;416;3;414;49;3,3;45,7;0,3;45,4
1235 Voss;1235;Voss;14168;910;13258;98;13160;100;6,4;93,6;0,7;92,9;7072;500;6572;52;6520;49,9;3,5;46,4;0,4;46;7096;410;6686;46;6640;50,1;2,9;47,2;0,3;46,9
1238 Kvam;1238;Kvam;8584;845;7739;76;7663;100;9,8;90,2;0,9;89,3;4404;486;3918;40;3878;51,3;5,7;45,6;0,5;45,2;4180;359;3821;36;3785;48,7;4,2;44,5;0,4;44,1
1241 Fusa;1241;Fusa;3829;237;3592;23;3569;100;6,2;93,8;0,6;93,2;1958;117;1841;11;1830;51,1;3,1;48,1;0,3;47,8;1871;120;1751;12;1739;48,9;3,1;45,7;0,3;45,4
1242 Samnanger;1242;Samnanger;2436;156;2280;17;2263;100;6,4;93,6;0,7;92,9;1245;73;1172;7;1165;51,1;3;48,1;0,3;47,8;1191;83;1108;10;1098;48,9;3,4;45,5;0,4;45,1
1243 Os (Hord.);1243;Os (Hord.);18678;1735;16943;254;16689;100;9,3;90,7;1,4;89,4;9472;915;8557;122;8435;50,7;4,9;45,8;0,7;45,2;9206;820;8386;132;8254;49,3;4,4;44,9;0,7;44,2
1244 Austevoll;1244;Austevoll;4924;507;4417;41;4376;100;10,3;89,7;0,8;88,9;2560;284;2276;17;2259;52;5,8;46,2;0,3;45,9;2364;223;2141;24;2117;48;4,5;43,5;0,5;43
1245 Sund;1245;Sund;6635;622;6013;75;5938;100;9,4;90,6;1,1;89,5;3439;334;3105;31;3074;51,8;5;46,8;0,5;46,3;3196;288;2908;44;2864;48,2;4,3;43,8;0,7;43,2
1246 Fjell;1246;Fjell;23852;1931;21921;229;21692;100;8,1;91,9;1;90,9;12114;1006;11108;113;10995;50,8;4,2;46,6;0,5;46,1;11738;925;10813;116;10697;49,2;3,9;45,3;0,5;44,8
1247 Askõy;1247;Askõy;27346;2025;25321;193;25128;100;7,4;92,6;0,7;91,9;13860;1085;12775;113;12662;50,7;4;46,7;0,4;46,3;13486;940;12546;80;12466;49,3;3,4;45,9;0,3;45,6
1251 Vaksdal;1251;Vaksdal;4140;270;3870;33;3837;100;6,5;93,5;0,8;92,7;2069;144;1925;11;1914;50;3,5;46,5;0,3;46,2;2071;126;1945;22;1923;50;3;47;0,5;46,4
1252 Modalen;1252;Modalen;372;22;350;3;347;100;5,9;94,1;0,8;93,3;184;11;173;3;172;49,5;3;46,5;0,8;46,2;188;11;177;0;177;50,5;3;47,6;0;47,6
1253 Osterõy;1253;Osterõy;7786;584;7202;64;7138;100;7,5;92,5;0,8;91,7;3997;309;3688;37;3651;51,3;4;47,4;0,5;46,9;3789;275;3514;27;3487;48,7;3,5;45,1;0,3;44,8
1256 Meland;1256;Meland;7544;583;6961;54;6907;100;7,7;92,3;0,7;91,6;3817;294;3523;35;3488;50,6;3,9;46,7;0,5;46,2;3727;289;3438;19;3419;49,4;3,8;45,6;0,3;45,3
1259 ùygarden;1259;ùygarden;4704;416;4288;25;4263;100;8,8;91,2;0,5;90,6;2420;216;2204;13;2191;51,4;4,6;46,9;0,3;46,6;2284;200;2084;12;2072;48,6;4,3;44,3;0,3;44
1260 Radõy;1260;Radõy;5039;462;4577;39;4538;100;9,2;90,8;0,8;90,1;2590;257;2333;20;2313;51,4;5,1;46,3;0,4;45,9;2449;205;2244;19;2225;48,6;4,1;44,5;0,4;44,2
1263 LindÜs;1263;LindÜs;15069;1051;14018;95;13923;100;7;93;0,6;92,4;7657;547;7110;51;7059;50,8;3,6;47,2;0,3;46,8;7412;504;6908;44;6864;49,2;3,3;45,8;0,3;45,6
1264 Austrheim;1264;Austrheim;2833;326;2507;24;2483;100;11,5;88,5;0,8;87,6;1473;202;1271;9;1262;52;7,1;44,9;0,3;44,5;1360;124;1236;15;1221;48;4,4;43,6;0,5;43,1
1265 Fedje;1265;Fedje;561;30;531;3;528;100;5,3;94,7;0,5;94,1;271;13;258;3;256;48,3;2,3;46;0,5;45,6;290;17;273;0;273;51,7;3;48,7;0;48,7
1266 Masfjorden;1266;Masfjorden;1693;57;1636;0;1636;100;3,4;96,6;0;96,6;860;27;833;0;833;50,8;1,6;49,2;0;49,2;833;30;803;0;803;49,2;1,8;47,4;0;47,4
1401 Flora;1401;Flora;11779;1234;10545;167;10378;100;10,5;89,5;1,4;88,1;6035;661;5374;82;5292;51,2;5,6;45,6;0,7;44,9;5744;573;5171;85;5086;48,8;4,9;43,9;0,7;43,2
1411 Gulen;1411;Gulen;2315;184;2131;15;2116;100;7,9;92,1;0,6;91,4;1150;85;1065;6;1059;49,7;3,7;46;0,3;45,7;1165;99;1066;9;1057;50,3;4,3;46;0,4;45,7
1412 Solund;1412;Solund;815;76;739;10;729;100;9,3;90,7;1,2;89,4;424;42;382;3;379;52;5,2;46,9;0,4;46,5;391;34;357;7;350;48;4,2;43,8;0,9;42,9
1413 Hyllestad;1413;Hyllestad;1391;126;1265;11;1254;100;9,1;90,9;0,8;90,2;721;79;642;6;636;51,8;5,7;46,2;0,4;45,7;670;47;623;5;618;48,2;3,4;44,8;0,4;44,4
1416 Hõyanger;1416;Hõyanger;4183;329;3854;31;3823;100;7,9;92,1;0,7;91,4;2125;167;1958;15;1943;50,8;4;46,8;0,4;46,4;2058;162;1896;16;1880;49,2;3,9;45,3;0,4;44,9
1417 Vik;1417;Vik;2688;217;2471;28;2443;100;8,1;91,9;1;90,9;1340;113;1227;19;1208;49,9;4,2;45,6;0,7;44,9;1348;104;1244;9;1235;50,1;3,9;46,3;0,3;45,9
1418 Balestrand;1418;Balestrand;1306;184;1122;26;1096;100;14,1;85,9;2;83,9;643;85;558;13;545;49,2;6,5;42,7;1;41,7;663;99;564;13;551;50,8;7,6;43,2;1;42,2
1419 Leikanger;1419;Leikanger;2268;122;2146;12;2134;100;5,4;94,6;0,5;94,1;1110;47;1063;6;1057;48,9;2,1;46,9;0,3;46,6;1158;75;1083;6;1077;51,1;3,3;47,8;0,3;47,5
1420 Sogndal;1420;Sogndal;7623;670;6953;43;6910;100;8,8;91,2;0,6;90,6;3823;375;3448;16;3432;50,2;4,9;45,2;0,2;45;3800;295;3505;27;3478;49,8;3,9;46;0,4;45,6
1421 Aurland;1421;Aurland;1715;148;1567;7;1560;100;8,6;91,4;0,4;91;862;77;785;0;783;50,3;4,5;45,8;0;45,7;853;71;782;7;777;49,7;4,1;45,6;0,4;45,3
1422 Lërdal;1422;Lërdal;2174;142;2032;25;2007;100;6,5;93,5;1,1;92,3;1116;69;1047;13;1034;51,3;3,2;48,2;0,6;47,6;1058;73;985;12;973;48,7;3,4;45,3;0,6;44,8
1424 èrdal;1424;èrdal;5496;515;4981;52;4929;100;9,4;90,6;0,9;89,7;2850;311;2539;32;2507;51,9;5,7;46,2;0,6;45,6;2646;204;2442;20;2422;48,1;3,7;44,4;0,4;44,1
1426 Luster;1426;Luster;5089;279;4810;21;4789;100;5,5;94,5;0,4;94,1;2580;154;2426;12;2414;50,7;3;47,7;0,2;47,4;2509;125;2384;9;2375;49,3;2,5;46,8;0,2;46,7
1428 Askvoll;1428;Askvoll;3011;165;2846;12;2834;100;5,5;94,5;0,4;94,1;1519;73;1446;5;1441;50,4;2,4;48;0,2;47,9;1492;92;1400;7;1393;49,6;3,1;46,5;0,2;46,3
1429 Fjaler;1429;Fjaler;2853;337;2516;7;2509;100;11,8;88,2;0,2;87,9;1446;143;1303;4;1299;50,7;5;45,7;0,1;45,5;1407;194;1213;3;1210;49,3;6,8;42,5;0,1;42,4
1430 Gaular;1430;Gaular;2928;189;2739;15;2724;100;6,5;93,5;0,5;93;1511;107;1404;10;1394;51,6;3,7;48;0,3;47,6;1417;82;1335;5;1330;48,4;2,8;45,6;0,2;45,4
1431 Jõlster;1431;Jõlster;3070;228;2842;23;2819;100;7,4;92,6;0,7;91,8;1591;136;1455;10;1445;51,8;4,4;47,4;0,3;47,1;1479;92;1387;13;1374;48,2;3;45,2;0,4;44,8
1432 Fõrde;1432;Fõrde;12685;1045;11640;125;11515;100;8,2;91,8;1;90,8;6361;545;5816;66;5750;50,1;4,3;45,8;0,5;45,3;6324;500;5824;59;5765;49,9;3,9;45,9;0,5;45,4
1433 Naustdal;1433;Naustdal;2776;142;2634;8;2626;100;5,1;94,9;0,3;94,6;1457;72;1385;8;1379;52,5;2,6;49,9;0,3;49,7;1319;70;1249;0;1247;47,5;2,5;45;0;44,9
1438 Bremanger;1438;Bremanger;3950;527;3423;35;3388;100;13,3;86,7;0,9;85,8;2026;258;1768;15;1753;51,3;6,5;44,8;0,4;44,4;1924;269;1655;20;1635;48,7;6,8;41,9;0,5;41,4
1439 VÜgsõy;1439;VÜgsõy;6091;596;5495;72;5423;100;9,8;90,2;1,2;89;3127;337;2790;39;2751;51,3;5,5;45,8;0,6;45,2;2964;259;2705;33;2672;48,7;4,3;44,4;0,5;43,9
1441 Selje;1441;Selje;2782;160;2622;10;2612;100;5,8;94,2;0,4;93,9;1372;75;1297;4;1293;49,3;2,7;46,6;0,1;46,5;1410;85;1325;6;1319;50,7;3,1;47,6;0,2;47,4
1443 Eid;1443;Eid;5926;402;5524;34;5490;100;6,8;93,2;0,6;92,6;2986;208;2778;18;2760;50,4;3,5;46,9;0,3;46,6;2940;194;2746;16;2730;49,6;3,3;46,3;0,3;46,1
1444 Hornindal;1444;Hornindal;1223;70;1153;11;1142;100;5,7;94,3;0,9;93,4;644;34;610;7;603;52,7;2,8;49,9;0,6;49,3;579;36;543;4;539;47,3;2,9;44,4;0,3;44,1
1445 Gloppen;1445;Gloppen;5694;352;5342;30;5312;100;6,2;93,8;0,5;93,3;2858;183;2675;15;2660;50,2;3,2;47;0,3;46,7;2836;169;2667;15;2652;49,8;3;46,8;0,3;46,6
1449 Stryn;1449;Stryn;7134;1010;6124;102;6022;100;14,2;85,8;1,4;84,4;3745;603;3142;55;3087;52,5;8,5;44;0,8;43,3;3389;407;2982;47;2935;47,5;5,7;41,8;0,7;41,1
1502 Molde;1502;Molde;26048;2391;23657;258;23399;100;9,2;90,8;1;89,8;13028;1283;11745;139;11606;50;4,9;45,1;0,5;44,6;13020;1108;11912;119;11793;50;4,3;45,7;0,5;45,3
1504 èlesund;1504;èlesund;45747;4998;40749;500;40249;100;10,9;89,1;1,1;88;23297;2782;20515;262;20253;50,9;6,1;44,8;0,6;44,3;22450;2216;20234;238;19996;49,1;4,8;44,2;0,5;43,7
1505 Kristiansund;1505;Kristiansund;24395;2458;21937;284;21653;100;10,1;89,9;1,2;88,8;12361;1334;11027;135;10892;50,7;5,5;45,2;0,6;44,6;12034;1124;10910;149;10761;49,3;4,6;44,7;0,6;44,1
1511 Vanylven;1511;Vanylven;3302;171;3131;8;3123;100;5,2;94,8;0,2;94,6;1709;77;1632;5;1627;51,8;2,3;49,4;0,2;49,3;1593;94;1499;3;1496;48,2;2,8;45,4;0,1;45,3
1514 Sande (M. og R.);1514;Sande (M. og R.);2636;407;2229;14;2215;100;15,4;84,6;0,5;84;1397;266;1131;8;1123;53;10,1;42,9;0,3;42,6;1239;141;1098;6;1092;47;5,3;41,7;0,2;41,4
1515 Herõy (M. og R.);1515;Herõy (M. og R.);8847;879;7968;75;7893;100;9,9;90,1;0,8;89,2;4501;429;4072;40;4032;50,9;4,8;46;0,5;45,6;4346;450;3896;35;3861;49,1;5,1;44;0,4;43,6
1516 Ulstein;1516;Ulstein;8092;1164;6928;111;6817;100;14,4;85,6;1,4;84,2;4233;735;3498;58;3440;52,3;9,1;43,2;0,7;42,5;3859;429;3430;53;3377;47,7;5,3;42,4;0,7;41,7
1517 Hareid;1517;Hareid;5021;685;4336;108;4228;100;13,6;86,4;2,2;84,2;2544;369;2175;56;2119;50,7;7,3;43,3;1,1;42,2;2477;316;2161;52;2109;49,3;6,3;43;1;42
1519 Volda;1519;Volda;8909;730;8179;75;8104;100;8,2;91,8;0,8;91;4463;383;4080;37;4043;50,1;4,3;45,8;0,4;45,4;4446;347;4099;38;4061;49,9;3,9;46;0,4;45,6
1520 ùrsta;1520;ùrsta;10536;692;9844;63;9781;100;6,6;93,4;0,6;92,8;5343;358;4985;34;4951;50,7;3,4;47,3;0,3;47;5193;334;4859;29;4830;49,3;3,2;46,1;0,3;45,8
1523 ùrskog;1523;ùrskog;2301;307;1994;34;1960;100;13,3;86,7;1,5;85,2;1182;163;1019;22;997;51,4;7,1;44,3;1;43,3;1119;144;975;12;963;48,6;6,3;42,4;0,5;41,9
1524 Norddal;1524;Norddal;1685;143;1542;22;1520;100;8,5;91,5;1,3;90,2;841;68;773;11;762;49,9;4;45,9;0,7;45,2;844;75;769;11;758;50,1;4,5;45,6;0,7;45
1525 Stranda;1525;Stranda;4616;616;4000;74;3926;100;13,3;86,7;1,6;85,1;2346;340;2006;38;1968;50,8;7,4;43,5;0,8;42,6;2270;276;1994;36;1958;49,2;6;43,2;0,8;42,4
1526 Stordal;1526;Stordal;1035;148;887;20;867;100;14,3;85,7;1,9;83,8;513;82;431;8;423;49,6;7,9;41,6;0,8;40,9;522;66;456;12;444;50,4;6,4;44,1;1,2;42,9
1528 Sykkylven;1528;Sykkylven;7730;824;6906;106;6800;100;10,7;89,3;1,4;88;3879;417;3462;50;3412;50,2;5,4;44,8;0,6;44,1;3851;407;3444;56;3388;49,8;5,3;44,6;0,7;43,8
1529 Skodje;1529;Skodje;4387;346;4041;50;3991;100;7,9;92,1;1,1;91;2228;177;2051;26;2025;50,8;4;46,8;0,6;46,2;2159;169;1990;24;1966;49,2;3,9;45,4;0,5;44,8
1531 Sula;1531;Sula;8651;790;7861;75;7786;100;9,1;90,9;0,9;90;4422;450;3972;39;3933;51,1;5,2;45,9;0,5;45,5;4229;340;3889;36;3853;48,9;3,9;45;0,4;44,5
1532 Giske;1532;Giske;7739;699;7040;56;6984;100;9;91;0,7;90,2;3924;374;3550;25;3525;50,7;4,8;45,9;0,3;45,5;3815;325;3490;31;3459;49,3;4,2;45,1;0,4;44,7
1534 Haram;1534;Haram;9084;1158;7926;142;7784;100;12,7;87,3;1,6;85,7;4682;594;4088;77;4011;51,5;6,5;45;0,8;44,2;4402;564;3838;65;3773;48,5;6,2;42,3;0,7;41,5
1535 Vestnes;1535;Vestnes;6615;663;5952;44;5908;100;10;90;0,7;89,3;3433;369;3064;21;3043;51,9;5,6;46,3;0,3;46;3182;294;2888;23;2865;48,1;4,4;43,7;0,3;43,3
1539 Rauma;1539;Rauma;7453;508;6945;30;6915;100;6,8;93,2;0,4;92,8;3760;258;3502;16;3486;50,4;3,5;47;0,2;46,8;3693;250;3443;14;3429;49,6;3,4;46,2;0,2;46
1543 Nesset;1543;Nesset;3001;141;2860;9;2851;100;4,7;95,3;0,3;95;1542;64;1478;4;1474;51,4;2,1;49,3;0,1;49,1;1459;77;1382;5;1377;48,6;2,6;46,1;0,2;45,9
1545 Midsund;1545;Midsund;2036;233;1803;28;1775;100;11,4;88,6;1,4;87,2;1044;112;932;8;924;51,3;5,5;45,8;0,4;45,4;992;121;871;20;851;48,7;5,9;42,8;1;41,8
1546 Sandõy;1546;Sandõy;1285;166;1119;19;1100;100;12,9;87,1;1,5;85,6;662;85;577;11;566;51,5;6,6;44,9;0,9;44;623;81;542;8;534;48,5;6,3;42,2;0,6;41,6
1547 Aukra;1547;Aukra;3377;324;3053;41;3012;100;9,6;90,4;1,2;89,2;1706;167;1539;18;1521;50,5;4,9;45,6;0,5;45;1671;157;1514;23;1491;49,5;4,6;44,8;0,7;44,2
1548 Frëna;1548;Frëna;9720;749;8971;63;8908;100;7,7;92,3;0,6;91,6;4904;373;4531;26;4505;50,5;3,8;46,6;0,3;46,3;4816;376;4440;37;4403;49,5;3,9;45,7;0,4;45,3
1551 Eide;1551;Eide;3471;237;3234;14;3220;100;6,8;93,2;0,4;92,8;1778;125;1653;7;1646;51,2;3,6;47,6;0,2;47,4;1693;112;1581;7;1574;48,8;3,2;45,5;0,2;45,3
1554 Averõy;1554;Averõy;5687;429;5258;30;5228;100;7,5;92,5;0,5;91,9;2919;218;2701;16;2685;51,3;3,8;47,5;0,3;47,2;2768;211;2557;14;2543;48,7;3,7;45;0,2;44,7
1557 Gjemnes;1557;Gjemnes;2565;169;2396;19;2377;100;6,6;93,4;0,7;92,7;1306;88;1218;9;1209;50,9;3,4;47,5;0,4;47,1;1259;81;1178;10;1168;49,1;3,2;45,9;0,4;45,5
1560 Tingvoll;1560;Tingvoll;3064;237;2827;26;2801;100;7,7;92,3;0,8;91,4;1557;123;1434;14;1420;50,8;4;46,8;0,5;46,3;1507;114;1393;12;1381;49,2;3,7;45,5;0,4;45,1
1563 Sunndal;1563;Sunndal;7171;569;6602;54;6548;100;7,9;92,1;0,8;91,3;3600;293;3307;31;3276;50,2;4,1;46,1;0,4;45,7;3571;276;3295;23;3272;49,8;3,8;45,9;0,3;45,6
1566 Surnadal;1566;Surnadal;5954;234;5720;17;5703;100;3,9;96,1;0,3;95,8;3040;113;2927;6;2921;51,1;1,9;49,2;0,1;49,1;2914;121;2793;11;2782;48,9;2;46,9;0,2;46,7
1567 Rindal;1567;Rindal;2046;28;2018;3;2015;100;1,4;98,6;0,1;98,5;1019;14;1005;3;1004;49,8;0,7;49,1;0,1;49,1;1027;14;1013;0;1013;50,2;0,7;49,5;0;49,5
1571 Halsa;1571;Halsa;1581;67;1514;3;1511;100;4,2;95,8;0,2;95,6;794;31;763;3;760;50,2;2;48,3;0,2;48,1;787;36;751;0;751;49,8;2,3;47,5;0;47,5
1573 Smõla;1573;Smõla;2166;170;1996;6;1990;100;7,8;92,2;0,3;91,9;1092;85;1007;0;1005;50,4;3,9;46,5;0;46,4;1074;85;989;6;985;49,6;3,9;45,7;0,3;45,5
1576 Aure;1576;Aure;3577;318;3259;12;3247;100;8,9;91,1;0,3;90,8;1843;161;1682;3;1679;51,5;4,5;47;0,1;46,9;1734;157;1577;9;1568;48,5;4,4;44,1;0,3;43,8
1601 Trondheim;1601;Trondheim;182035;20046;161989;3268;158721;100;11;89;1,8;87,2;91993;10809;81184;1698;79486;50,5;5,9;44,6;0,9;43,7;90042;9237;80805;1570;79235;49,5;5,1;44,4;0,9;43,5
1612 Hemne;1612;Hemne;4224;224;4000;14;3986;100;5,3;94,7;0,3;94,4;2111;113;1998;8;1990;50;2,7;47,3;0,2;47,1;2113;111;2002;6;1996;50;2,6;47,4;0,1;47,3
1613 Snillfjord;1613;Snillfjord;980;43;937;3;934;100;4,4;95,6;0,3;95,3;540;26;514;3;513;55,1;2,7;52,4;0,3;52,3;440;17;423;0;423;44,9;1,7;43,2;0;43,2
1617 Hitra;1617;Hitra;4522;754;3768;51;3717;100;16,7;83,3;1,1;82,2;2368;439;1929;32;1897;52,4;9,7;42,7;0,7;42;2154;315;1839;19;1820;47,6;7;40,7;0,4;40,2
1620 Frõya;1620;Frõya;4547;764;3783;62;3721;100;16,8;83,2;1,4;81,8;2344;417;1927;35;1892;51,6;9,2;42,4;0,8;41,6;2203;347;1856;27;1829;48,4;7,6;40,8;0,6;40,2
1621 ùrland;1621;ùrland;5164;243;4921;6;4915;100;4,7;95,3;0,1;95,2;2596;111;2485;0;2483;50,3;2,1;48,1;0;48,1;2568;132;2436;6;2432;49,7;2,6;47,2;0,1;47,1
1622 Agdenes;1622;Agdenes;1744;127;1617;4;1613;100;7,3;92,7;0,2;92,5;887;63;824;4;820;50,9;3,6;47,2;0,2;47;857;64;793;0;793;49,1;3,7;45,5;0;45,5
1624 Rissa;1624;Rissa;6646;497;6149;20;6129;100;7,5;92,5;0,3;92,2;3447;311;3136;10;3126;51,9;4,7;47,2;0,2;47;3199;186;3013;10;3003;48,1;2,8;45,3;0,2;45,2
1627 Bjugn;1627;Bjugn;4711;232;4479;15;4464;100;4,9;95,1;0,3;94,8;2362;110;2252;9;2243;50,1;2,3;47,8;0,2;47,6;2349;122;2227;6;2221;49,9;2,6;47,3;0,1;47,1
1630 èfjord;1630;èfjord;3242;95;3147;4;3143;100;2,9;97,1;0,1;96,9;1652;44;1608;4;1606;51;1,4;49,6;0,1;49,5;1590;51;1539;0;1537;49;1,6;47,5;0;47,4
1632 Roan;1632;Roan;986;70;916;6;910;100;7,1;92,9;0,6;92,3;501;36;465;0;464;50,8;3,7;47,2;0;47,1;485;34;451;6;446;49,2;3,4;45,7;0,6;45,2
1633 Osen;1633;Osen;997;26;971;3;968;100;2,6;97,4;0,3;97,1;526;15;511;0;511;52,8;1,5;51,3;0;51,3;471;11;460;3;459;47,2;1,1;46,1;0,3;46
1634 Oppdal;1634;Oppdal;6814;485;6329;45;6284;100;7,1;92,9;0,7;92,2;3389;255;3134;21;3113;49,7;3,7;46;0,3;45,7;3425;230;3195;24;3171;50,3;3,4;46,9;0,4;46,5
1635 Rennebu;1635;Rennebu;2556;86;2470;5;2465;100;3,4;96,6;0,2;96,4;1311;43;1268;5;1265;51,3;1,7;49,6;0,2;49,5;1245;43;1202;0;1200;48,7;1,7;47;0;46,9
1636 Meldal;1636;Meldal;3962;191;3771;19;3752;100;4,8;95,2;0,5;94,7;1988;108;1880;9;1871;50,2;2,7;47,5;0,2;47,2;1974;83;1891;10;1881;49,8;2,1;47,7;0,3;47,5
1638 Orkdal;1638;Orkdal;11628;716;10912;87;10825;100;6,2;93,8;0,7;93,1;5842;348;5494;49;5445;50,2;3;47,2;0,4;46,8;5786;368;5418;38;5380;49,8;3,2;46,6;0,3;46,3
1640 Rõros;1640;Rõros;5583;344;5239;42;5197;100;6,2;93,8;0,8;93,1;2749;161;2588;21;2567;49,2;2,9;46,4;0,4;46;2834;183;2651;21;2630;50,8;3,3;47,5;0,4;47,1
1644 HoltÜlen;1644;HoltÜlen;2024;87;1937;8;1929;100;4,3;95,7;0,4;95,3;1000;40;960;5;955;49,4;2;47,4;0,2;47,2;1024;47;977;3;974;50,6;2,3;48,3;0,1;48,1
1648 Midtre Gauldal;1648;Midtre Gauldal;6361;715;5646;51;5595;100;11,2;88,8;0,8;88;3192;361;2831;25;2806;50,2;5,7;44,5;0,4;44,1;3169;354;2815;26;2789;49,8;5,6;44,3;0,4;43,8
1653 Melhus;1653;Melhus;15844;902;14942;97;14845;100;5,7;94,3;0,6;93,7;8063;502;7561;56;7505;50,9;3,2;47,7;0,4;47,4;7781;400;7381;41;7340;49,1;2,5;46,6;0,3;46,3
1657 Skaun;1657;Skaun;7392;301;7091;41;7050;100;4,1;95,9;0,6;95,4;3826;157;3669;26;3643;51,8;2,1;49,6;0,4;49,3;3566;144;3422;15;3407;48,2;1,9;46,3;0,2;46,1
1662 Klëbu;1662;Klëbu;5970;375;5595;46;5549;100;6,3;93,7;0,8;92,9;3042;205;2837;21;2816;51;3,4;47,5;0,4;47,2;2928;170;2758;25;2733;49;2,8;46,2;0,4;45,8
1663 Malvik;1663;Malvik;13371;964;12407;91;12316;100;7,2;92,8;0,7;92,1;6815;531;6284;42;6242;51;4;47;0,3;46,7;6556;433;6123;49;6074;49;3,2;45,8;0,4;45,4
1664 Selbu;1664;Selbu;4030;175;3855;8;3847;100;4,3;95,7;0,2;95,5;2083;89;1994;8;1988;51,7;2,2;49,5;0,2;49,3;1947;86;1861;0;1859;48,3;2,1;46,2;0;46,1
1665 Tydal;1665;Tydal;864;36;828;6;822;100;4,2;95,8;0,7;95,1;421;12;409;6;405;48,7;1,4;47,3;0,7;46,9;443;24;419;0;417;51,3;2,8;48,5;0;48,3
1702 Steinkjer;1702;Steinkjer;21555;1266;20289;131;20158;100;5,9;94,1;0,6;93,5;10822;677;10145;68;10077;50,2;3,1;47,1;0,3;46,8;10733;589;10144;63;10081;49,8;2,7;47,1;0,3;46,8
1703 Namsos;1703;Namsos;13083;872;12211;128;12083;100;6,7;93,3;1;92,4;6487;410;6077;69;6008;49,6;3,1;46,4;0,5;45,9;6596;462;6134;59;6075;50,4;3,5;46,9;0,5;46,4
1711 MerÜker;1711;MerÜker;2553;236;2317;14;2303;100;9,2;90,8;0,5;90,2;1280;114;1166;8;1158;50,1;4,5;45,7;0,3;45,4;1273;122;1151;6;1145;49,9;4,8;45,1;0,2;44,8
1714 Stjõrdal;1714;Stjõrdal;22683;1382;21301;153;21148;100;6,1;93,9;0,7;93,2;11344;664;10680;71;10609;50;2,9;47,1;0,3;46,8;11339;718;10621;82;10539;50;3,2;46,8;0,4;46,5
1717 Frosta;1717;Frosta;2653;175;2478;11;2467;100;6,6;93,4;0,4;93;1329;85;1244;6;1238;50,1;3,2;46,9;0,2;46,7;1324;90;1234;5;1229;49,9;3,4;46,5;0,2;46,3
1718 Leksvik;1718;Leksvik;3555;200;3355;12;3343;100;5,6;94,4;0,3;94;1768;99;1669;7;1662;49,7;2,8;46,9;0,2;46,8;1787;101;1686;5;1681;50,3;2,8;47,4;0,1;47,3
1719 Levanger;1719;Levanger;19212;1275;17937;130;17807;100;6,6;93,4;0,7;92,7;9566;651;8915;68;8847;49,8;3,4;46,4;0,4;46;9646;624;9022;62;8960;50,2;3,2;47;0,3;46,6
1721 Verdal;1721;Verdal;14788;908;13880;85;13795;100;6,1;93,9;0,6;93,3;7544;556;6988;38;6950;51;3,8;47,3;0,3;47;7244;352;6892;47;6845;49;2,4;46,6;0,3;46,3
1724 Verran;1724;Verran;2562;245;2317;16;2301;100;9,6;90,4;0,6;89,8;1333;169;1164;8;1156;52;6,6;45,4;0,3;45,1;1229;76;1153;8;1145;48;3;45;0,3;44,7
1725 Namdalseid;1725;Namdalseid;1676;65;1611;3;1608;100;3,9;96,1;0,2;95,9;860;27;833;3;831;51,3;1,6;49,7;0,2;49,6;816;38;778;0;777;48,7;2,3;46,4;0;46,4
1736 SnÜsa;1736;SnÜsa;2156;74;2082;7;2075;100;3,4;96,6;0,3;96,2;1101;28;1073;4;1069;51,1;1,3;49,8;0,2;49,6;1055;46;1009;3;1006;48,9;2,1;46,8;0,1;46,7
1738 Lierne;1738;Lierne;1385;80;1305;5;1300;100;5,8;94,2;0,4;93,9;711;29;682;5;677;51,3;2,1;49,2;0,4;48,9;674;51;623;0;623;48,7;3,7;45;0;45
1739 Rõyrvik;1739;Rõyrvik;498;35;463;3;460;100;7;93;0,6;92,4;253;17;236;3;235;50,8;3,4;47,4;0,6;47,2;245;18;227;0;227;49,2;3,6;45,6;0;45,6
1740 Namsskogan;1740;Namsskogan;922;37;885;3;882;100;4;96;0,3;95,7;463;11;452;3;451;50,2;1,2;49;0,3;48,9;459;26;433;0;433;49,8;2,8;47;0;47
1742 Grong;1742;Grong;2449;241;2208;16;2192;100;9,8;90,2;0,7;89,5;1263;149;1114;9;1105;51,6;6,1;45,5;0,4;45,1;1186;92;1094;7;1087;48,4;3,8;44,7;0,3;44,4
1743 Hõylandet;1743;Hõylandet;1257;41;1216;5;1211;100;3,3;96,7;0,4;96,3;631;20;611;5;607;50,2;1,6;48,6;0,4;48,3;626;21;605;0;604;49,8;1,7;48,1;0;48,1
1744 Overhalla;1744;Overhalla;3732;191;3541;22;3519;100;5,1;94,9;0,6;94,3;1905;103;1802;15;1787;51;2,8;48,3;0,4;47,9;1827;88;1739;7;1732;49;2,4;46,6;0,2;46,4
1748 Fosnes;1748;Fosnes;642;47;595;6;589;100;7,3;92,7;0,9;91,7;324;21;303;6;299;50,5;3,3;47,2;0,9;46,6;318;26;292;0;290;49,5;4;45,5;0;45,2
1749 Flatanger;1749;Flatanger;1120;90;1030;4;1026;100;8;92;0,4;91,6;582;46;536;0;534;52;4,1;47,9;0;47,7;538;44;494;4;492;48;3,9;44,1;0,4;43,9
1750 Vikna;1750;Vikna;4321;330;3991;26;3965;100;7,6;92,4;0,6;91,8;2177;166;2011;17;1994;50,4;3,8;46,5;0,4;46,1;2144;164;1980;9;1971;49,6;3,8;45,8;0,2;45,6
1751 Nërõy;1751;Nërõy;5064;297;4767;20;4747;100;5,9;94,1;0,4;93,7;2617;146;2471;9;2462;51,7;2,9;48,8;0,2;48,6;2447;151;2296;11;2285;48,3;3;45,3;0,2;45,1
1755 Leka;1755;Leka;556;29;527;0;527;100;5,2;94,8;0;94,8;270;7;263;0;263;48,6;1,3;47,3;0;47,3;286;22;264;0;264;51,4;4;47,5;0;47,5
1756 Inderõy (f.o.m. 2012);1756;Inderõy (f.o.m. 2012);6720;295;6425;16;6409;100;4,4;95,6;0,2;95,4;3352;147;3205;3;3202;49,9;2,2;47,7;0;47,6;3368;148;3220;13;3207;50,1;2,2;47,9;0,2;47,7
1804 Bodõ;1804;Bodõ;49731;3722;46009;400;45609;100;7,5;92,5;0,8;91,7;24960;1938;23022;196;22826;50,2;3,9;46,3;0,4;45,9;24771;1784;22987;204;22783;49,8;3,6;46,2;0,4;45,8
1805 Narvik;1805;Narvik;18705;1815;16890;142;16748;100;9,7;90,3;0,8;89,5;9432;986;8446;80;8366;50,4;5,3;45,2;0,4;44,7;9273;829;8444;62;8382;49,6;4,4;45,1;0,3;44,8
1811 Bindal;1811;Bindal;1503;43;1460;3;1457;100;2,9;97,1;0,2;96,9;769;23;746;0;745;51,2;1,5;49,6;0;49,6;734;20;714;3;713;48,8;1,3;47,5;0,2;47,4
1812 Sõmna;1812;Sõmna;2047;114;1933;5;1928;100;5,6;94,4;0,2;94,2;1027;51;976;0;974;50,2;2,5;47,7;0;47,6;1020;63;957;5;954;49,8;3,1;46,8;0,2;46,6
1813 Brõnnõy;1813;Brõnnõy;7897;483;7414;54;7360;100;6,1;93,9;0,7;93,2;3883;214;3669;32;3637;49,2;2,7;46,5;0,4;46,1;4014;269;3745;22;3723;50,8;3,4;47,4;0,3;47,1
1815 Vega;1815;Vega;1223;45;1178;3;1175;100;3,7;96,3;0,2;96,1;625;16;609;3;608;51,1;1,3;49,8;0,2;49,7;598;29;569;0;569;48,9;2,4;46,5;0;46,5
1816 Vevelstad;1816;Vevelstad;495;32;463;3;460;100;6,5;93,5;0,6;92,9;257;16;241;3;239;51,9;3,2;48,7;0,6;48,3;238;16;222;0;221;48,1;3,2;44,8;0;44,6
1818 Herõy (Nordl.);1818;Herõy (Nordl.);1733;207;1526;16;1510;100;11,9;88,1;0,9;87,1;901;120;781;9;772;52;6,9;45,1;0,5;44,5;832;87;745;7;738;48;5;43;0,4;42,6
1820 Alstahaug;1820;Alstahaug;7394;652;6742;61;6681;100;8,8;91,2;0,8;90,4;3714;340;3374;36;3338;50,2;4,6;45,6;0,5;45,1;3680;312;3368;25;3343;49,8;4,2;45,6;0,3;45,2
1822 Leirfjord;1822;Leirfjord;2188;187;2001;20;1981;100;8,5;91,5;0,9;90,5;1136;88;1048;12;1036;51,9;4;47,9;0,5;47,3;1052;99;953;8;945;48,1;4,5;43,6;0,4;43,2
1824 Vefsn;1824;Vefsn;13286;690;12596;69;12527;100;5,2;94,8;0,5;94,3;6762;371;6391;37;6354;50,9;2,8;48,1;0,3;47,8;6524;319;6205;32;6173;49,1;2,4;46,7;0,2;46,5
1825 Grane;1825;Grane;1465;82;1383;5;1378;100;5,6;94,4;0,3;94,1;779;36;743;0;742;53,2;2,5;50,7;0;50,6;686;46;640;5;636;46,8;3,1;43,7;0,3;43,4
1826 Hattfjelldal;1826;Hattfjelldal;1500;141;1359;13;1346;100;9,4;90,6;0,9;89,7;789;76;713;7;706;52,6;5,1;47,5;0,5;47,1;711;65;646;6;640;47,4;4,3;43,1;0,4;42,7
1827 Dõnna;1827;Dõnna;1420;72;1348;3;1345;100;5,1;94,9;0,2;94,7;731;42;689;3;686;51,5;3;48,5;0,2;48,3;689;30;659;0;659;48,5;2,1;46,4;0;46,4
1828 Nesna;1828;Nesna;1902;287;1615;25;1590;100;15,1;84,9;1,3;83,6;965;173;792;14;778;50,7;9,1;41,6;0,7;40,9;937;114;823;11;812;49,3;6;43,3;0,6;42,7
1832 Hemnes;1832;Hemnes;4553;223;4330;19;4311;100;4,9;95,1;0,4;94,7;2340;104;2236;10;2226;51,4;2,3;49,1;0,2;48,9;2213;119;2094;9;2085;48,6;2,6;46;0,2;45,8
1833 Rana;1833;Rana;25943;1410;24533;111;24422;100;5,4;94,6;0,4;94,1;13073;756;12317;70;12247;50,4;2,9;47,5;0,3;47,2;12870;654;12216;41;12175;49,6;2,5;47,1;0,2;46,9
1834 Lurõy;1834;Lurõy;1901;101;1800;6;1794;100;5,3;94,7;0,3;94,4;982;41;941;6;937;51,7;2,2;49,5;0,3;49,3;919;60;859;0;857;48,3;3,2;45,2;0;45,1
1835 Trëna;1835;Trëna;489;88;401;12;389;100;18;82;2,5;79,6;261;49;212;6;206;53,4;10;43,4;1,2;42,1;228;39;189;6;183;46,6;8;38,7;1,2;37,4
1836 Rõdõy;1836;Rõdõy;1305;62;1243;10;1233;100;4,8;95,2;0,8;94,5;671;24;647;4;643;51,4;1,8;49,6;0,3;49,3;634;38;596;6;590;48,6;2,9;45,7;0,5;45,2
1837 Melõy;1837;Melõy;6491;380;6111;11;6100;100;5,9;94,1;0,2;94;3270;174;3096;6;3090;50,4;2,7;47,7;0,1;47,6;3221;206;3015;5;3010;49,6;3,2;46,4;0,1;46,4
1838 GildeskÜl;1838;GildeskÜl;2023;198;1825;11;1814;100;9,8;90,2;0,5;89,7;1018;100;918;6;912;50,3;4,9;45,4;0,3;45,1;1005;98;907;5;902;49,7;4,8;44,8;0,2;44,6
1839 Beiarn;1839;Beiarn;1088;43;1045;3;1042;100;4;96;0,3;95,8;557;14;543;0;542;51,2;1,3;49,9;0;49,8;531;29;502;3;500;48,8;2,7;46,1;0,3;46
1840 Saltdal;1840;Saltdal;4690;315;4375;34;4341;100;6,7;93,3;0,7;92,6;2388;183;2205;18;2187;50,9;3,9;47;0,4;46,6;2302;132;2170;16;2154;49,1;2,8;46,3;0,3;45,9
1841 Fauske;1841;Fauske;9556;504;9052;49;9003;100;5,3;94,7;0,5;94,2;4766;245;4521;18;4503;49,9;2,6;47,3;0,2;47,1;4790;259;4531;31;4500;50,1;2,7;47,4;0,3;47,1
1845 Sõrfold;1845;Sõrfold;1987;96;1891;3;1888;100;4,8;95,2;0,2;95;1018;44;974;3;972;51,2;2,2;49;0,2;48,9;969;52;917;0;916;48,8;2,6;46,1;0;46,1
1848 Steigen;1848;Steigen;2579;195;2384;13;2371;100;7,6;92,4;0,5;91,9;1305;101;1204;7;1197;50,6;3,9;46,7;0,3;46,4;1274;94;1180;6;1174;49,4;3,6;45,8;0,2;45,5
1849 Hamarõy;1849;Hamarõy;1820;208;1612;19;1593;100;11,4;88,6;1;87,5;928;114;814;11;803;51;6,3;44,7;0,6;44,1;892;94;798;8;790;49;5,2;43,8;0,4;43,4
1850 Tysfjord;1850;Tysfjord;2000;127;1873;7;1866;100;6,3;93,6;0,3;93,3;1072;62;1010;7;1005;53,6;3,1;50,5;0,3;50,3;928;65;863;0;861;46,4;3,3;43,1;0;43
1851 Lõdingen;1851;Lõdingen;2248;286;1962;16;1946;100;12,7;87,3;0,7;86,6;1129;148;981;7;974;50,2;6,6;43,6;0,3;43,3;1119;138;981;9;972;49,8;6,1;43,6;0,4;43,2
1852 Tjeldsund;1852;Tjeldsund;1256;45;1211;0;1211;100;3,6;96,4;0;96,4;638;15;623;0;623;50,8;1,2;49,6;0;49,6;618;30;588;0;588;49,2;2,4;46,8;0;46,8
1853 Evenes;1853;Evenes;1391;101;1290;3;1287;100;7,3;92,7;0,2;92,5;694;50;644;0;643;49,9;3,6;46,3;0;46,2;697;51;646;3;644;50,1;3,7;46,4;0,2;46,3
1854 Ballangen;1854;Ballangen;2591;156;2435;15;2420;100;6;94;0,6;93,4;1302;66;1236;6;1230;50,3;2,5;47,7;0,2;47,5;1289;90;1199;9;1190;49,7;3,5;46,3;0,3;45,9
1856 Rõst;1856;Rõst;566;39;527;4;523;100;6,9;93,1;0,7;92,4;289;17;272;4;270;51,1;3;48,1;0,7;47,7;277;22;255;0;253;48,9;3,9;45,1;0;44,7
1857 Vërõy;1857;Vërõy;777;102;675;3;672;100;13,1;86,9;0,4;86,5;384;53;331;0;331;49,4;6,8;42,6;0;42,6;393;49;344;3;343;50,6;6,3;44,3;0,4;44,1
1859 Flakstad;1859;Flakstad;1368;83;1285;7;1278;100;6,1;93,9;0,5;93,4;689;36;653;4;649;50,4;2,6;47,7;0,3;47,4;679;47;632;3;629;49,6;3,4;46,2;0,2;46
1860 VestvÜgõy;1860;VestvÜgõy;10997;825;10172;66;10106;100;7,5;92,5;0,6;91,9;5450;411;5039;37;5002;49,6;3,7;45,8;0,3;45,5;5547;414;5133;29;5104;50,4;3,8;46,7;0,3;46,4
1865 VÜgan;1865;VÜgan;9223;986;8237;78;8159;100;10,7;89,3;0,8;88,5;4647;527;4120;48;4072;50,4;5,7;44,7;0,5;44,2;4576;459;4117;30;4087;49,6;5;44,6;0,3;44,3
1866 Hadsel;1866;Hadsel;8112;741;7371;76;7295;100;9,1;90,9;0,9;89,9;4117;379;3738;35;3703;50,8;4,7;46,1;0,4;45,6;3995;362;3633;41;3592;49,2;4,5;44,8;0,5;44,3
1867 Bõ (Nordl.);1867;Bõ (Nordl.);2642;177;2465;9;2456;100;6,7;93,3;0,3;93;1305;81;1224;5;1219;49,4;3,1;46,3;0,2;46,1;1337;96;1241;4;1237;50,6;3,6;47;0,2;46,8
1868 ùksnes;1868;ùksnes;4562;420;4142;25;4117;100;9,2;90,8;0,5;90,2;2278;195;2083;15;2068;49,9;4,3;45,7;0,3;45,3;2284;225;2059;10;2049;50,1;4,9;45,1;0,2;44,9
1870 Sortland;1870;Sortland;10129;675;9454;62;9392;100;6,7;93,3;0,6;92,7;5118;338;4780;34;4746;50,5;3,3;47,2;0,3;46,9;5011;337;4674;28;4646;49,5;3,3;46,1;0,3;45,9
1871 Andõy;1871;Andõy;4993;382;4611;25;4586;100;7,7;92,3;0,5;91,8;2518;188;2330;13;2317;50,4;3,8;46,7;0,3;46,4;2475;194;2281;12;2269;49,6;3,9;45,7;0,2;45,4
1874 Moskenes;1874;Moskenes;1108;148;960;5;955;100;13,4;86,6;0,5;86,2;598;89;509;5;506;54;8;45,9;0,5;45,7;510;59;451;0;449;46;5,3;40,7;0;40,5
1902 Tromsõ;1902;Tromsõ;71590;7479;64111;697;63414;100;10,4;89,6;1;88,6;36112;3877;32235;376;31859;50,4;5,4;45;0,5;44,5;35478;3602;31876;321;31555;49,6;5;44,5;0,4;44,1
1903 Harstad;1901;Harstad;24441;1874;22567;184;22383;100;7,7;92,3;0,8;91,6;12181;949;11232;89;11143;49,8;3,9;46;0,4;45,6;12260;925;11335;95;11240;50,2;3,8;46,4;0,4;46
1911 Kvëfjord;1911;Kvëfjord;3107;288;2819;27;2792;100;9,3;90,7;0,9;89,9;1568;157;1411;20;1391;50,5;5,1;45,4;0,6;44,8;1539;131;1408;7;1401;49,5;4,2;45,3;0,2;45,1
1913 SkÜnland;1913;SkÜnland;2951;201;2750;13;2737;100;6,8;93,2;0,4;92,7;1484;108;1376;5;1371;50,3;3,7;46,6;0,2;46,5;1467;93;1374;8;1366;49,7;3,2;46,6;0,3;46,3
1917 Ibestad;1917;Ibestad;1436;102;1334;10;1324;100;7,1;92,9;0,7;92,2;735;61;674;5;669;51,2;4,2;46,9;0,3;46,6;701;41;660;5;655;48,8;2,9;46;0,3;45,6
1919 Gratangen;1919;Gratangen;1135;133;1002;5;997;100;11,7;88,3;0,4;87,8;588;66;522;5;519;51,8;5,8;46;0,4;45,7;547;67;480;0;478;48,2;5,9;42,3;0;42,1
1920 Lavangen;1920;Lavangen;1014;35;979;0;979;100;3,5;96,5;0;96,5;525;12;513;0;513;51,8;1,2;50,6;0;50,6;489;23;466;0;466;48,2;2,3;46;0;46
1922 Bardu;1922;Bardu;3985;259;3726;30;3696;100;6,5;93,5;0,8;92,7;2038;126;1912;19;1893;51,1;3,2;48;0,5;47,5;1947;133;1814;11;1803;48,9;3,3;45,5;0,3;45,2
1923 Salangen;1923;Salangen;2223;202;2021;10;2011;100;9,1;90,9;0,4;90,5;1140;107;1033;6;1027;51,3;4,8;46,5;0,3;46,2;1083;95;988;4;984;48,7;4,3;44,4;0,2;44,3
1924 MÜlselv;1924;MÜlselv;6634;361;6273;12;6261;100;5,4;94,6;0,2;94,4;3486;175;3311;8;3303;52,5;2,6;49,9;0,1;49,8;3148;186;2962;4;2958;47,5;2,8;44,6;0,1;44,6
1925 Sõrreisa;1925;Sõrreisa;3450;212;3238;13;3225;100;6,1;93,9;0,4;93,5;1738;96;1642;8;1634;50,4;2,8;47,6;0,2;47,4;1712;116;1596;5;1591;49,6;3,4;46,3;0,1;46,1
1926 Dyrõy;1926;Dyrõy;1171;42;1129;6;1123;100;3,6;96,4;0,5;95,9;584;12;572;0;570;49,9;1;48,8;0;48,7;587;30;557;6;553;50,1;2,6;47,6;0,5;47,2
1927 Tranõy;1927;Tranõy;1510;120;1390;8;1382;100;7,9;92,1;0,5;91,5;748;46;702;3;699;49,5;3;46,5;0,2;46,3;762;74;688;5;683;50,5;4,9;45,6;0,3;45,2
1928 Torsken;1928;Torsken;878;87;791;4;787;100;9,9;90,1;0,5;89,6;443;38;405;0;403;50,5;4,3;46,1;0;45,9;435;49;386;4;384;49,5;5,6;44;0,5;43,7
1929 Berg;1929;Berg;918;130;788;12;776;100;14,2;85,8;1,3;84,5;478;66;412;4;408;52,1;7,2;44,9;0,4;44,4;440;64;376;8;368;47,9;7;41;0,9;40,1
1931 Lenvik;1931;Lenvik;11557;811;10746;95;10651;100;7;93;0,8;92,2;5851;408;5443;40;5403;50,6;3,5;47,1;0,3;46,8;5706;403;5303;55;5248;49,4;3,5;45,9;0,5;45,4
1933 Balsfjord;1933;Balsfjord;5593;280;5313;16;5297;100;5;95;0,3;94,7;2884;130;2754;6;2748;51,6;2,3;49,2;0,1;49,1;2709;150;2559;10;2549;48,4;2,7;45,8;0,2;45,6
1936 Karlsõy;1936;Karlsõy;2334;212;2122;19;2103;100;9,1;90,9;0,8;90,1;1219;103;1116;9;1107;52,2;4,4;47,8;0,4;47,4;1115;109;1006;10;996;47,8;4,7;43,1;0,4;42,7
1938 Lyngen;1938;Lyngen;2992;134;2858;16;2842;100;4,5;95,5;0,5;95;1532;78;1454;7;1447;51,2;2,6;48,6;0,2;48,4;1460;56;1404;9;1395;48,8;1,9;46,9;0,3;46,6
1939 Storfjord;1939;Storfjord;1941;140;1801;6;1795;100;7,2;92,8;0,3;92,5;1003;64;939;3;936;51,7;3,3;48,4;0,2;48,2;938;76;862;3;859;48,3;3,9;44,4;0,2;44,3
1940 G†ivuotna KÜfjord;1940;G†ivuotna KÜfjord;2221;124;2097;4;2093;100;5,6;94,4;0,2;94,2;1160;62;1098;4;1096;52,2;2,8;49,4;0,2;49,3;1061;62;999;0;997;47,8;2,8;45;0;44,9
1941 Skjervõy;1941;Skjervõy;2881;227;2654;16;2638;100;7,9;92,1;0,6;91,6;1472;128;1344;9;1335;51,1;4,4;46,7;0,3;46,3;1409;99;1310;7;1303;48,9;3,4;45,5;0,2;45,2
1942 Nordreisa;1942;Nordreisa;4854;231;4623;11;4612;100;4,8;95,2;0,2;95;2480;104;2376;4;2372;51,1;2,1;48,9;0,1;48,9;2374;127;2247;7;2240;48,9;2,6;46,3;0,1;46,1
1943 Kvënangen;1943;Kvënangen;1234;50;1184;3;1181;100;4,1;95,9;0,2;95,7;646;20;626;0;626;52,4;1,6;50,7;0;50,7;588;30;558;3;557;47,6;2,4;45,2;0,2;45,1
2002 Vardõ;2002;Vardõ;2119;241;1878;11;1867;100;11,4;88,6;0,5;88,1;1109;138;971;7;964;52,3;6,5;45,8;0,3;45,5;1010;103;907;4;903;47,7;4,9;42,8;0,2;42,6
2003 Vadsõ;2003;Vadsõ;6223;1020;5203;65;5138;100;16,4;83,6;1;82,6;3183;542;2641;34;2607;51,1;8,7;42,4;0,5;41,9;3040;478;2562;31;2531;48,9;7,7;41,2;0,5;40,7
2004 Hammerfest;2004;Hammerfest;10287;1504;8783;162;8621;100;14,6;85,4;1,6;83,8;5268;823;4445;91;4354;51,2;8;43,2;0,9;42,3;5019;681;4338;71;4267;48,8;6,6;42,2;0,7;41,5
2011 Guovdageaidnu Kautokeino;2011;Guovdageaidnu Kautokeino;2931;157;2774;7;2767;100;5,4;94,6;0,2;94,4;1519;64;1455;7;1450;51,8;2,2;49,6;0,2;49,5;1412;93;1319;0;1317;48,2;3,2;45;0;44,9
2012 Alta;2012;Alta;19822;1573;18249;123;18126;100;7,9;92,1;0,6;91,4;10060;807;9253;57;9196;50,8;4,1;46,7;0,3;46,4;9762;766;8996;66;8930;49,2;3,9;45,4;0,3;45,1
2014 Loppa;2014;Loppa;1027;95;932;3;929;100;9,3;90,7;0,3;90,5;578;57;521;0;521;56,3;5,6;50,7;0;50,7;449;38;411;3;410;43,7;3,7;40;0,3;39,9
2015 Hasvik;2015;Hasvik;1037;184;853;9;844;100;17,7;82,3;0,9;81,4;556;106;450;0;448;53,6;10,2;43,4;0;43,2;481;78;403;9;396;46,4;7,5;38,9;0,9;38,2
2017 Kvalsund;2017;Kvalsund;1051;68;983;3;980;100;6,5;93,5;0,3;93,2;552;20;532;3;530;52,5;1,9;50,6;0,3;50,4;499;48;451;0;450;47,5;4,6;42,9;0;42,8
2018 MÜsõy;2018;MÜsõy;1241;171;1070;12;1058;100;13,8;86,2;1;85,3;663;94;569;6;563;53,4;7,6;45,9;0,5;45,4;578;77;501;6;495;46,6;6,2;40,4;0,5;39,9
2019 Nordkapp;2019;Nordkapp;3213;355;2858;29;2829;100;11;89;0,9;88;1679;166;1513;19;1494;52,3;5,2;47,1;0,6;46,5;1534;189;1345;10;1335;47,7;5,9;41,9;0,3;41,5
2020 Porsanger;2020;Porsanger Pors†ngu Porsanki;3963;280;3683;18;3665;100;7,1;92,9;0,5;92,5;1990;104;1886;9;1877;50,2;2,6;47,6;0,2;47,4;1973;176;1797;9;1788;49,8;4,4;45,3;0,2;45,1
2021 K†r†sjohka Karasjok;2021;K†r†sjohka Karasjok;2698;147;2551;6;2545;100;5,4;94,6;0,2;94,3;1401;49;1352;6;1348;51,9;1,8;50,1;0,2;50;1297;98;1199;0;1197;48,1;3,6;44,4;0;44,4
2022 Lebesby;2022;Lebesby;1341;138;1203;10;1193;100;10,3;89,7;0,7;89;717;51;666;4;662;53,5;3,8;49,7;0,3;49,4;624;87;537;6;531;46,5;6,5;40;0,4;39,6
2023 Gamvik;2023;Gamvik;1098;226;872;7;865;100;20,6;79,4;0,6;78,8;592;131;461;3;458;53,9;11,9;42;0,3;41,7;506;95;411;4;407;46,1;8,7;37,4;0,4;37,1
2024 BerlevÜg;2024;BerlevÜg;1057;114;943;4;939;100;10,8;89,2;0,4;88,8;545;54;491;0;490;51,6;5,1;46,5;0;46,4;512;60;452;4;449;48,4;5,7;42,8;0,4;42,5
2025 Deatnu Tana;2025;Deatnu Tana;2883;272;2611;11;2600;100;9,4;90,6;0,4;90,2;1519;123;1396;5;1391;52,7;4,3;48,4;0,2;48,2;1364;149;1215;6;1209;47,3;5,2;42,1;0,2;41,9
2027 Unjargga-Nesseby;2027;Unj†rga Nesseby;919;81;838;3;835;100;8,8;91,2;0,3;90,9;489;35;454;0;454;53,2;3,8;49,4;0;49,4;430;46;384;3;381;46,8;5;41,8;0,3;41,5
2028 BÜtsfjord;2028;BÜtsfjord;2207;475;1732;46;1686;100;21,5;78,5;2,1;76,4;1145;223;922;18;904;51,9;10,1;41,8;0,8;41;1062;252;810;28;782;48,1;11,4;36,7;1,3;35,4
2030 Sõr-Varanger;2030;Sõr-Varanger;10090;1305;8785;110;8675;100;12,9;87,1;1,1;86;5097;606;4491;46;4445;50,5;6;44,5;0,5;44,1;4993;699;4294;64;4230;49,5;6,9;42,6;0,6;41,9
