Kommune nr & navn;kommune_nr;"Kommune
navn";innvkat_5.alle;innvkat_5.innvandrere;innvkat_5.befolkningen_ellers;innvkat_5.norskfodte_m_innvf;innvkat_5.bef_u_innv_og_norskf;innvkat_5.alle;innvkat_5.innvandrere;innvkat_5.befolkningen_ellers;innvkat_5.norskfodte_m_innvf;innvkat_5.bef_u_innv_og_norskf;innvkat_5.alle;innvkat_5.innvandrere;innvkat_5.befolkningen_ellers;innvkat_5.norskfodte_m_innvf;innvkat_5.bef_u_innv_og_norskf;innvkat_5.alle;innvkat_5.innvandrere;innvkat_5.befolkningen_ellers;innvkat_5.norskfodte_m_innvf;innvkat_5.bef_u_innv_og_norskf;innvkat_5.alle;innvkat_5.innvandrere;innvkat_5.befolkningen_ellers;innvkat_5.norskfodte_m_innvf;innvkat_5.bef_u_innv_og_norskf;innvkat_5.alle;innvkat_5.innvandrere;innvkat_5.befolkningen_ellers;innvkat_5.norskfodte_m_innvf;innvkat_5.bef_u_innv_og_norskf
Nedbrytninger;;;kjonn.alle;kjonn.alle;kjonn.alle;kjonn.alle;kjonn.alle;kjonn.alle;kjonn.alle;kjonn.alle;kjonn.alle;kjonn.alle;kjonn.1;kjonn.1;kjonn.1;kjonn.1;kjonn.1;kjonn.1;kjonn.1;kjonn.1;kjonn.1;kjonn.1;kjonn.0;kjonn.0;kjonn.0;kjonn.0;kjonn.0;kjonn.0;kjonn.0;kjonn.0;kjonn.0;kjonn.0
Kjønn;;;enhet.personer;enhet.personer;enhet.personer;enhet.personer;enhet.personer;enhet.prosent;enhet.prosent;enhet.prosent;enhet.prosent;enhet.prosent;enhet.personer;enhet.personer;enhet.personer;enhet.personer;enhet.personer;enhet.prosent;enhet.prosent;enhet.prosent;enhet.prosent;enhet.prosent;enhet.personer;enhet.personer;enhet.personer;enhet.personer;enhet.personer;enhet.prosent;enhet.prosent;enhet.prosent;enhet.prosent;enhet.prosent
0101 Halden;101;Halden;833;164;669;24;645;20,9;36,3;18,9;19,7;18,9;459;84;375;15;360;22,3;40;20,3;23,4;20,2;374;80;294;9;285;19,3;33,1;17,3;15,5;17,4
0104 Moss;104;Moss;1023;260;763;66;697;27;47,8;23,5;25,3;23,4;601;156;445;38;407;30,1;54,4;26,1;24,8;26,2;422;104;318;28;290;23,6;40,5;20,7;25,9;20,3
0105 Sarpsborg;105;Sarpsborg;1650;425;1225;48;1177;24,5;43,3;21,3;21,8;21,2;931;232;699;29;670;27;45,1;23,8;24,2;23,8;719;193;526;19;507;21,8;41,2;18,6;19;18,6
0106 Fredrikstad;106;Fredrikstad;2356;607;1749;38;1711;23,6;40,7;20,6;15,3;20,7;1319;343;976;21;955;25,6;44,5;22,3;15;22,5;1037;264;773;17;756;21,4;36,7;18,7;15,6;18,8
0111 Hvaler;111;Hvaler;90;18;72;3;69;19,3;40;17,1;75;16,5;52;9;43;1;42;22,2;37,5;20,5;100;20,1;38;9;29;2;27;16,4;42,9;13,7;66,7;13
0118 Aremark;118;Aremark;27;2;25;1;24;19,3;66,7;18,2;33,3;17,9;14;.;14;1;13;18,7;.;18,7;33,3;18,1;13;2;11;.;11;20;66,7;17,7;.;17,7
0119 Marker;119;Marker;83;11;72;2;70;19,7;45,8;18,1;66,7;17,8;45;7;38;1;37;20,7;63,6;18,4;50;18,1;38;4;34;1;33;18,6;30,8;17,8;100;17,4
0121 Rømskog;121;Rømskog;10;2;8;.;8;17,2;66,7;14,5;.;14,5;7;1;6;.;6;18,4;100;16,2;.;16,2;3;1;2;.;2;15;50;11,1;.;11,1
0122 Trøgstad;122;Trøgstad;156;33;123;.;123;24;55;20,8;.;20,8;89;23;66;.;66;25,8;65,7;21,3;.;21,4;67;10;57;.;57;21,9;40;20,3;.;20,3
0123 Spydeberg;123;Spydeberg;140;27;113;3;110;20,8;39,7;18,6;23,1;18,5;84;17;67;1;66;23,6;44,7;21,1;12,5;21,3;56;10;46;2;44;17,6;33,3;16;40;15,5
0124 Askim;124;Askim;493;109;384;29;355;25,4;39,8;23;21,6;23,2;274;62;212;19;193;28,2;45,6;25,4;24,4;25,5;219;47;172;10;162;22,6;34,1;20,7;17,9;20,9
0125 Eidsberg;125;Eidsberg;418;85;333;9;324;28,5;41,3;26,4;36;26,2;244;51;193;5;188;32,9;51,5;30,1;41,7;29,8;174;34;140;4;136;23,9;31,8;22,6;30,8;22,4
0127 Skiptvet;127;Skiptvet;105;15;90;.;90;23,7;39,5;22,2;.;22,5;57;8;49;.;49;25,9;44,4;24,3;.;24,6;48;7;41;.;41;21,5;35;20,2;.;20,4
0128 Rakkestad;128;Rakkestad;228;68;160;3;157;23,8;53,1;19,3;18,8;19,3;126;40;86;2;84;26;58,8;20,6;33,3;20,4;102;28;74;1;73;21,6;46,7;18;10;18,2
0135 Råde;135;Råde;193;44;149;5;144;22,3;58,7;18,9;35,7;18,6;118;27;91;4;87;26,5;58,7;22,8;40;22,3;75;17;58;1;57;17,9;58,6;14,9;25;14,8
0136 Rygge;136;Rygge;385;57;328;27;301;20,9;45,2;19,1;27,6;18,6;217;30;187;17;170;21,9;50;20,1;31,5;19,4;168;27;141;10;131;19,7;40,9;18;22,7;17,7
0137 Våler;137;Våler;110;17;93;2;91;19,4;45,9;17,6;15,4;17,6;65;11;54;1;53;21,5;57,9;19;12,5;19,2;45;6;39;1;38;17,1;33,3;15,9;20;15,8
0138 Hobøl;138;Hobøl;160;31;129;1;128;23,4;39,7;21,3;9,1;21,5;89;15;74;.;74;24,9;39,5;23,1;.;23,5;71;16;55;1;54;21,8;40;19,3;16,7;19,4
0211 Vestby;211;Vestby;349;77;272;7;265;20;38,3;17,6;15,6;17,7;208;41;167;3;164;23,4;38,7;21,4;11,1;21,7;141;36;105;4;101;16,5;37,9;13,8;22,2;13,6
0213 Ski;213;Ski;597;156;441;35;406;15,9;38,2;13,2;21,3;12,8;355;82;273;18;255;18;39,2;15,5;22,2;15,2;242;74;168;17;151;13,6;37,2;10,7;20,5;10,1
0214 Ås;214;Ås;411;132;279;16;263;16,3;37,5;12,9;20;12,6;246;71;175;12;163;18,8;39,2;15,5;30;15;165;61;104;4;100;13,7;35,7;10,1;10;10,1
0215 Frogn;215;Frogn;347;64;283;3;280;18,3;48,9;16;9,7;16,1;189;37;152;1;151;19,8;50;17,3;6,3;17,5;158;27;131;2;129;16,7;47,4;14,8;13,3;14,8
0216 Nesodden;216;Nesodden;397;70;327;9;318;17,3;40;15,4;18,8;15,4;228;45;183;5;178;19;49,5;16,5;17,9;16,5;169;25;144;4;140;15,4;29,8;14,2;20;14,1
0217 Oppegård;217;Oppegård;513;125;388;28;360;16;45;13,3;19,6;12,9;309;65;244;22;222;18,2;46,4;15,7;25;15,1;204;60;144;6;138;13,6;43,5;10,5;10,9;10,5
0219 Bærum;219;Bærum;1928;702;1226;93;1133;13,6;39,9;9,9;16,6;9,6;1065;320;745;54;691;14,7;41,8;11,5;18,4;11,2;863;382;481;39;442;12,4;38,5;8,1;14,6;7,8
0220 Asker;220;Asker;1121;403;718;37;681;15,1;43,5;11;14,6;10,9;645;232;413;23;390;17;48,9;12,4;17,6;12,2;476;171;305;14;291;13;37,7;9,5;11,5;9,5
0221 Aurskog-Høland;221;Aurskog-Høland;407;78;329;1;328;22,3;44,6;19,9;5,6;20,1;229;45;184;.;184;23,9;46,9;21,3;.;21,5;178;33;145;1;144;20,5;41,8;18,4;10;18,5
0226 Sørum;226;Sørum;371;95;276;4;272;18,8;43,6;15,7;8,9;15,9;207;48;159;2;157;20,3;42,5;17,5;8,7;17,7;164;47;117;2;115;17,2;44,8;13,8;9,1;13,9
0227 Fet;227;Fet;240;70;170;16;154;18,4;48,6;14,6;32;13,8;141;45;96;9;87;20,9;55,6;16,2;36;15,3;99;25;74;7;67;15,7;39,7;13;28;12,3
0228 Rælingen;228;Rælingen;431;123;308;40;268;20,8;45,1;17,2;20,4;16,8;233;50;183;26;157;22,5;41;20;25,7;19,3;198;73;125;14;111;19,2;48,3;14,2;14,7;14,1
0229 Enebakk;229;Enebakk;266;58;208;7;201;21,6;55,2;18,5;17,9;18,5;156;34;122;4;118;24,3;61,8;20,8;21,1;20,8;110;24;86;3;83;18,6;48;15,9;15;16
0230 Lørenskog;230;Lørenskog;843;261;582;101;481;19,2;42;15,4;18,9;14,9;503;151;352;58;294;22,2;47,2;18,1;21,5;17,5;340;110;230;43;187;16;36,4;12,6;16,3;12
0231 Skedsmo;231;Skedsmo;1327;462;865;96;769;20,3;42,5;15,9;16;15,8;798;278;520;63;457;23,9;48,1;18,8;21;18,6;529;184;345;33;312;16,5;36,1;12,8;11;13
0233 Nittedal;233;Nittedal;520;118;402;32;370;18,6;52,9;15,6;18,2;15,4;311;73;238;20;218;20,7;57,9;17,3;21,3;17;209;45;164;12;152;16,1;46,4;13,7;14,6;13,6
0234 Gjerdrum;234;Gjerdrum;147;35;112;2;110;19,3;47,9;16,2;33,3;16,1;94;25;69;2;67;22,7;53,2;18,8;50;18,5;53;10;43;.;43;15,2;38,5;13,3;.;13,4
0235 Ullensaker;235;Ullensaker;1022;320;702;43;659;26,1;49,4;21,5;19,9;21,6;599;189;410;28;382;29,9;59,1;24,4;25,5;24,3;423;131;292;15;277;22,2;39,9;18,5;14,2;18,8
0236 Nes;236;Nes;581;111;470;11;459;23;47;20,5;44;20,2;330;59;271;9;262;24,6;48,4;22,2;47,4;21,8;251;52;199;2;197;21,2;45,6;18,6;33,3;18,5
0237 Eidsvoll;237;Eidsvoll;630;114;516;20;496;24;46,7;21,6;29;21,4;357;56;301;13;288;26,2;50;24;36,1;23,7;273;58;215;7;208;21,6;43,9;19;21,2;18,9
0238 Nannestad;238;Nannestad;375;93;282;10;272;25,8;47,4;22,4;22,7;22,4;209;47;162;7;155;26,6;50;23,4;26,9;23,3;166;46;120;3;117;24,9;45,1;21,2;16,7;21,4
0239 Hurdal;239;Hurdal;67;12;55;.;55;20,1;57,1;17,6;.;17,7;40;8;32;.;32;21,7;61,5;18,7;.;18,7;27;4;23;.;23;18;50;16,2;.;16,4
0301 Oslo;301;Oslo;17140;8271;8869;2390;6479;20,9;45,9;13,8;22,6;12,1;9253;4100;5153;1478;3675;23,4;49,2;16,5;27,4;14,3;7887;4171;3716;912;2804;18,5;43,1;11,3;17,6;10,1
0402 Kongsvinger;402;Kongsvinger;542;82;460;14;446;24,6;33,9;23,5;25,9;23,4;326;52;274;7;267;27,6;35,9;26,4;28;26,4;216;30;186;7;179;21,2;30,9;20,2;24,1;20,1
0403 Hamar;403;Hamar;662;174;488;18;470;17,6;42,5;14,6;27,7;14,3;382;92;290;10;280;19,5;44,7;16,6;28,6;16,3;280;82;198;8;190;15,5;40,4;12,3;26,7;12,1
0412 Ringsaker;412;Ringsaker;891;117;774;4;770;21,3;43,2;19,8;8,2;20;498;55;443;2;441;23,6;43,3;22,3;9,5;22,5;393;62;331;2;329;19;43,1;17,2;7,1;17,4
0415 Løten;415;Løten;221;39;182;3;179;23,4;56,5;20,8;42,9;20,6;126;18;108;3;105;26,5;58,1;24,3;42,9;24;95;21;74;.;74;20,3;55,3;17,2;.;17,2
0417 Stange;417;Stange;519;109;410;4;406;20,8;42,4;18,3;12,5;18,4;311;52;259;4;255;23,9;39,7;22,1;26,7;22,1;208;57;151;.;151;17,5;45,2;14,2;.;14,4
0418 Nord-Odal;418;Nord-Odal;96;4;92;.;92;17;16,7;17;.;17;57;2;55;.;55;19,1;16,7;19,2;.;19,2;39;2;37;.;37;14,6;16,7;14,5;.;14,5
0419 Sør-Odal;419;Sør-Odal;195;16;179;1;178;20,8;40;19,9;20;19,9;114;6;108;.;108;23,8;27,3;23,6;.;23,6;81;10;71;1;70;17,6;55,6;16,1;20;16,1
0420 Eidskog;420;Eidskog;166;11;155;.;155;22,2;30,6;21,8;.;22;101;5;96;.;96;25,5;31,3;25,3;.;25,5;65;6;59;.;59;18,5;30;17,8;.;17,9
0423 Grue;423;Grue;146;25;121;1;120;25,1;47,2;22,9;100;22,8;82;13;69;.;69;26,7;40,6;25,1;.;25,1;64;12;52;1;51;23,4;57,1;20,6;100;20,2
0425 Åsnes;425;Åsnes;215;23;192;.;192;24,9;41,8;23,7;.;23,8;115;6;109;.;109;25,9;28,6;25,8;.;25,8;100;17;83;.;83;23,8;50;21,4;.;21,5
0426 Våler;426;Våler;89;10;79;.;79;21,9;40;20,7;.;20,7;48;3;45;.;45;22;30;21,6;.;21,7;41;7;34;.;34;21,7;46,7;19,5;.;19,5
0427 Elverum;427;Elverum;549;116;433;6;427;20,3;42,5;17,8;21,4;17,7;309;75;234;4;230;22,3;51,7;18,9;36,4;18,7;240;41;199;2;197;18,1;32;16,7;11,8;16,7
0428 Trysil;428;Trysil;139;28;111;.;111;18;46,7;15,6;.;15,6;86;10;76;.;76;21,7;32,3;20,8;.;20,8;53;18;35;.;35;14,1;62,1;10,1;.;10,1
0429 Åmot;429;Åmot;127;20;107;.;107;22,6;46,5;20,6;.;20,8;69;10;59;.;59;22,8;47,6;20,9;.;21;58;10;48;.;48;22,4;45,5;20,3;.;20,5
0430 Stor-Elvdal;430;Stor-Elvdal;89;50;39;.;39;25,2;55,6;14,8;.;14,9;53;34;19;.;19;26,6;55,7;13,8;.;13,8;36;16;20;.;20;23,4;55,2;16;.;16,3
0432 Rendalen;432;Rendalen;31;2;29;.;29;16;25;15,6;.;15,6;20;2;18;.;18;19,4;50;18,2;.;18,2;11;.;11;.;11;12,1;.;12,6;.;12,6
0434 Engerdal;434;Engerdal;20;7;13;.;13;12,7;58,3;9;.;9;12;3;9;.;9;13,6;50;11;.;11;8;4;4;.;4;11,6;66,7;6,3;.;6,3
0436 Tolga;436;Tolga;30;9;21;.;21;12,3;45;9,4;.;9,4;21;5;16;.;16;14,8;50;12,1;.;12,1;9;4;5;.;5;8,8;40;5,4;.;5,4
0437 Tynset;437;Tynset;117;44;73;5;68;16,1;47,8;11,5;50;10,9;75;29;46;3;43;19,9;54,7;14,2;60;13,5;42;15;27;2;25;12;38,5;8,7;40;8,2
0438 Alvdal;438;Alvdal;40;8;32;.;32;13,7;50;11,6;.;11,6;21;2;19;.;19;14,2;33,3;13,4;.;13,4;19;6;13;.;13;13,1;60;9,6;.;9,6
0439 Folldal;439;Folldal;23;2;21;.;21;12,6;33,3;11,9;.;12;16;2;14;.;14;14,2;40;13;.;13;7;.;7;.;7;10,1;.;10,3;.;10,4
0441 Os;441;Os;42;8;34;1;33;14,7;33,3;13;50;12,7;20;4;16;1;15;14,5;33,3;12,7;100;12;22;4;18;.;18;14,9;33,3;13,2;.;13,3
0501 Lillehammer;501;Lillehammer;600;152;448;6;442;15,2;37,9;12,6;7,8;12,7;353;81;272;3;269;17,8;42,4;15,1;8,1;15,3;247;71;176;3;173;12,6;33,8;10,1;7,5;10,1
0502 Gjøvik;502;Gjøvik;811;187;624;19;605;20,4;37,7;18;20;17,9;455;107;348;9;339;22;39,5;19,4;19,1;19,4;356;80;276;10;266;18,7;35,6;16,5;20,8;16,3
0511 Dovre;511;Dovre;78;14;64;.;64;23,4;41,2;21,3;.;21,3;44;6;38;.;38;24,2;33,3;23,2;.;23,2;34;8;26;.;26;22,4;50;19,1;.;19,1
0512 Lesja;512;Lesja;25;6;19;.;19;9,8;42,9;7,9;.;7,9;11;2;9;.;9;8,5;40;7,3;.;7,3;14;4;10;.;10;11,1;44,4;8,5;.;8,6
0513 Skjåk;513;Skjåk;30;6;24;.;24;12,1;37,5;10,4;.;10,4;22;5;17;.;17;16,5;38,5;14,2;.;14,2;8;1;7;.;7;7;33,3;6,3;.;6,3
0514 Lom;514;Lom;36;4;32;.;32;12,2;30,8;11,3;.;11,4;26;2;24;.;24;15,9;25;15,4;.;15,4;10;2;8;.;8;7,6;40;6,3;.;6,4
0515 Vågå;515;Vågå;68;11;57;.;57;15,7;52,4;13,9;.;14;42;5;37;.;37;19,6;71,4;17,9;.;18,1;26;6;20;.;20;11,9;42,9;9,8;.;9,9
0516 Nord-Fron;516;Nord-Fron;151;20;131;2;129;22,3;41,7;20,8;66,7;20,6;80;11;69;1;68;22;40,7;20,5;50;20,4;71;9;62;1;61;22,6;42,9;21,2;100;20,9
0517 Sel;517;Sel;123;24;99;1;98;16,5;38,1;14,5;20;14,5;72;12;60;1;59;17,6;29,3;16,3;33,3;16,1;51;12;39;.;39;15,3;54,5;12,5;.;12,6
0519 Sør-Fron;519;Sør-Fron;72;11;61;.;61;19,7;39,3;18;.;18,1;50;6;44;.;44;24;42,9;22,7;.;22,7;22;5;17;.;17;13,9;35,7;11,8;.;11,9
0520 Ringebu;520;Ringebu;103;20;83;2;81;19,1;51,3;16,6;50;16,4;67;12;55;1;54;24,6;50;22,2;100;21,9;36;8;28;1;27;13,5;53,3;11,2;33,3;10,9
0521 Øyer;521;Øyer;131;37;94;.;94;17,8;48,7;14,3;.;14,3;71;23;48;.;48;18;53,5;13,6;.;13,6;60;14;46;.;46;17,7;42,4;15;.;15,1
0522 Gausdal;522;Gausdal;140;17;123;.;123;18,5;35,4;17,4;.;17,4;78;10;68;.;68;19;40;17,7;.;17,7;62;7;55;.;55;17,9;30,4;17;.;17
0528 Østre Toten;528;Østre Toten;376;57;319;2;317;21,1;52,3;19;10,5;19,1;224;28;196;1;195;23,4;50;21,7;16,7;21,8;152;29;123;1;122;18,4;54,7;15,9;7,7;16
0529 Vestre Toten;529;Vestre Toten;355;52;303;2;301;23;42,3;21,3;14,3;21,4;200;29;171;2;169;24,4;41,4;22,8;33,3;22,7;155;23;132;.;132;21,4;43,4;19,7;.;19,9
0532 Jevnaker;532;Jevnaker;160;22;138;1;137;20,5;43,1;18,9;20;18,9;93;14;79;.;79;22,9;50;20,8;.;21;67;8;59;1;58;17,9;34,8;16,8;33,3;16,6
0533 Lunner;533;Lunner;216;44;172;.;172;19,8;45,8;17,3;.;17,4;122;17;105;.;105;21,9;37,8;20,5;.;20,7;94;27;67;.;67;17,6;52,9;13,8;.;13,9
0534 Gran;534;Gran;361;78;283;4;279;22,1;53,4;19;22,2;19;202;40;162;1;161;24,6;56,3;21,6;14,3;21,7;159;38;121;3;118;19,5;50,7;16,4;27,3;16,2
0536 Søndre Land;536;Søndre Land;144;21;123;.;123;21,1;38,9;19,6;.;19,7;70;9;61;.;61;19,2;30;18,3;.;18,4;74;12;62;.;62;23,3;50;21,1;.;21,2
0538 Nordre Land;538;Nordre Land;177;30;147;.;147;20,9;55,6;18,6;.;18,6;117;20;97;.;97;25,4;66,7;22,5;.;22,6;60;10;50;.;50;15,6;41,7;13,9;.;13,9
0540 Sør-Aurdal;540;Sør-Aurdal;66;8;58;.;58;17;42,1;15,7;.;15,7;36;4;32;.;32;17,6;44,4;16,3;.;16,3;30;4;26;.;26;16,4;40;15;.;15
0541 Etnedal;541;Etnedal;36;15;21;.;21;22,4;42,9;16,7;.;16,8;24;9;15;.;15;23,8;32,1;20,5;.;20,8;12;6;6;.;6;20;85,7;11,3;.;11,3
0542 Nord-Aurdal;542;Nord-Aurdal;151;28;123;1;122;19,4;43,8;17,2;50;17,1;85;14;71;1;70;21,3;43,8;19,3;100;19,1;66;14;52;.;52;17,4;43,8;14,9;.;15
0543 Vestre Slidre;543;Vestre Slidre;48;13;35;.;35;18,7;56,5;15;.;15;25;8;17;.;17;18,9;61,5;14,3;.;14,4;23;5;18;.;18;18,4;50;15,7;.;15,7
0544 Øystre Slidre;544;Øystre Slidre;83;11;72;2;70;20,5;55;18,8;33,3;18,5;50;7;43;2;41;24,6;58,3;22,5;50;21,9;33;4;29;.;29;16,4;50;15;.;15,2
0545 Vang;545;Vang;44;20;24;.;24;22;64,5;14,2;.;14,5;30;14;16;.;16;29,7;73,7;19,5;.;20;14;6;8;.;8;14,1;50;9,2;.;9,3
0602 Drammen;602;Drammen;2105;805;1300;255;1045;25,6;46;20,1;29,1;18,7;1171;422;749;144;605;28,8;48,6;23,4;34,1;21,8;934;383;551;111;440;22,5;43,5;16,8;24,4;15,6
0604 Kongsberg;604;Kongsberg;593;157;436;10;426;18,3;35,8;15,6;16,7;15,6;335;88;247;4;243;19,5;38,6;16,6;13,3;16,7;258;69;189;6;183;17;32,9;14,5;20;14,3
0605 Ringerike;605;Ringerike;809;157;652;16;636;21,4;40,6;19,2;25;19,1;433;77;356;9;347;22,1;40,5;20,1;25;20;376;80;296;7;289;20,7;40,6;18,2;25;18,1
0612 Hole;612;Hole;146;54;92;1;91;19,8;50;14,6;16,7;14,6;84;32;52;1;51;22,2;57,1;16,1;16,7;16,1;62;22;40;.;40;17,4;42,3;13,1;.;13,1
0615 Flå;615;Flå;33;8;25;.;25;28,2;61,5;24;.;24;20;4;16;.;16;36,4;66,7;32,7;.;32,7;13;4;9;.;9;21;57,1;16,4;.;16,4
0616 Nes;616;Nes;98;21;77;2;75;22,1;38,9;19,7;50;19,4;52;7;45;1;44;22,9;33,3;21,8;50;21,6;46;14;32;1;31;21,2;42,4;17,4;50;17
0617 Gol;617;Gol;97;37;60;2;58;17,7;50,7;12,6;25;12,4;60;23;37;1;36;21,6;62,2;15,4;33,3;15,1;37;14;23;1;22;13,7;38,9;9,8;20;9,6
0618 Hemsedal;618;Hemsedal;45;13;32;2;30;17,2;31,7;14,5;66,7;13,8;26;5;21;1;20;20;29,4;18,6;50;18;19;8;11;1;10;14,4;33,3;10,2;100;9,3
0619 Ål;619;Ål;95;18;77;.;77;15,5;26,5;14,1;.;14,2;58;9;49;.;49;18,2;29;17,1;.;17,1;37;9;28;.;28;12,5;24,3;10,9;.;10,9
0620 Hol;620;Hol;124;54;70;.;70;22,6;59,3;15,3;.;15,5;67;26;41;.;41;22,6;54,2;16,5;.;16,9;57;28;29;.;29;22,5;65,1;13,8;.;13,9
0621 Sigdal;621;Sigdal;66;8;58;.;58;17,1;38,1;15,8;.;15,8;40;3;37;.;37;21,5;37,5;20,8;.;20,8;26;5;21;.;21;12,9;38,5;11,2;.;11,2
0622 Krødsherad;622;Krødsherad;50;15;35;1;34;20,3;65,2;15,7;100;15,3;27;6;21;1;20;23,1;60;19,6;100;18,9;23;9;14;.;14;17,8;69,2;12,1;.;12,1
0623 Modum;623;Modum;366;57;309;5;304;23,7;45,6;21,8;31,3;21,7;200;26;174;2;172;24,4;36,1;23,2;20;23,3;166;31;135;3;132;23;58,5;20,2;50;19,9
0624 Øvre Eiker;624;Øvre Eiker;535;111;424;7;417;23,8;48,5;21;18,9;21;310;57;253;4;249;26,2;51,4;23,6;22,2;23,6;225;54;171;3;168;21,2;45,8;18,1;15,8;18,1
0625 Nedre Eiker;625;Nedre Eiker;714;159;555;55;500;24;43,6;21,3;26,6;20,9;402;96;306;28;278;26,3;50,3;22,9;26,9;22,6;312;63;249;27;222;21,6;36,2;19,6;26,2;19
0626 Lier;626;Lier;569;175;394;24;370;18,8;46,2;14,9;18,8;14,7;339;95;244;16;228;21,2;46,8;17,5;22,2;17,2;230;80;150;8;142;16,1;45,5;12;14,3;11,8
0627 Røyken;627;Røyken;426;87;339;9;330;17,5;45,1;15,1;17,3;15;239;53;186;3;183;18,9;52;16;10,7;16,2;187;34;153;6;147;15,9;37,4;14,1;25;13,8
0628 Hurum;628;Hurum;236;44;192;3;189;22,8;42,3;20,7;30;20,6;129;26;103;2;101;22,9;41,3;20,6;50;20,4;107;18;89;1;88;22,8;43,9;20,7;16,7;20,8
0631 Flesberg;631;Flesberg;58;11;47;.;47;20,5;52,4;17,9;.;17,9;35;3;32;.;32;24,8;50;23,7;.;23,7;23;8;15;.;15;16,2;53,3;11,8;.;11,8
0632 Rollag;632;Rollag;29;9;20;.;20;17,7;69,2;13,2;.;13,4;14;4;10;.;10;18,2;80;13,9;.;14,3;15;5;10;.;10;17,2;62,5;12,7;.;12,7
0633 Nore og Uvdal;633;Nore og Uvdal;53;13;40;.;40;16,3;43,3;13,5;.;13,7;38;8;30;.;30;19;33,3;17;.;17,2;15;5;10;.;10;11,9;83,3;8,3;.;8,4
0701 Horten;701;Horten;761;161;600;8;592;21,4;36,3;19,3;11,3;19,5;416;86;330;3;327;22;35;20,1;7,7;20,4;345;75;270;5;265;20,7;38,1;18,4;15,6;18,5
0702 Holmestrand;702;Holmestrand;274;40;234;3;231;22,3;41,2;20,7;15,8;20,8;150;16;134;1;133;24,3;36,4;23,4;10;23,6;124;24;100;2;98;20,3;45,3;17,9;22,2;17,9
0704 Tønsberg;704;Tønsberg;1209;302;907;26;881;22,1;48,5;18,7;25,5;18,5;685;164;521;13;508;24,9;50,2;21,5;28,3;21,3;524;138;386;13;373;19,2;46,6;15,9;23,2;15,7
0706 Sandefjord;706;Sandefjord;1309;280;1029;49;980;23,2;42,7;20,6;25,1;20,4;741;162;579;25;554;25,1;46,8;22,2;24,3;22,2;568;118;450;24;426;21,1;38,1;18,9;26,1;18,6
0709 Larvik;709;Larvik;1180;251;929;42;887;22;44,3;19,4;26,8;19,1;732;154;578;27;551;25,1;49,2;22,2;28,1;22;448;97;351;15;336;18,3;38,2;16;24,6;15,8
0711 Svelvik;711;Svelvik;189;22;167;3;164;23,4;37,3;22,3;18,8;22,4;105;10;95;3;92;24,5;33,3;23,8;33,3;23,6;84;12;72;.;72;22,2;41,4;20,6;.;21
0713 Sande;713;Sande;211;26;185;2;183;18,9;33,8;17,8;12,5;17,9;111;12;99;1;98;19,2;33,3;18,3;20;18,2;100;14;86;1;85;18,6;34,1;17,3;9,1;17,5
0714 Hof;714;Hof;62;9;53;.;53;17,4;45;15,7;.;15,8;37;6;31;.;31;20;60;17,7;.;17,8;25;3;22;.;22;14,5;30;13,6;.;13,7
0716 Re;716;Re;239;34;205;3;202;20,4;34,3;19,1;21,4;19,1;138;18;120;1;119;23;43,9;21,5;20;21,5;101;16;85;2;83;17,6;27,6;16,5;22,2;16,4
0719 Andebu;719;Andebu;153;24;129;.;129;20,6;43,6;18,8;.;19;79;12;67;.;67;20,4;42,9;18,6;.;18,8;74;12;62;.;62;20,8;44,4;18,9;.;19,1
0720 Stokke;720;Stokke;386;173;213;1;212;24,2;64,3;16,1;4,5;16,3;224;96;128;1;127;27,4;65,8;19,1;9,1;19,2;162;77;85;.;85;20,9;62,6;13;.;13,2
0722 Nøtterøy;722;Nøtterøy;487;88;399;8;391;18,1;36,8;16,3;19;16,2;260;41;219;7;212;19,4;36,9;17,8;22,6;17,7;227;47;180;1;179;16,8;36,7;14,7;9,1;14,7
0723 Tjøme;723;Tjøme;134;20;114;.;114;20,6;37;19,1;.;19,2;82;7;75;.;75;25,2;38,9;24,4;.;24,6;52;13;39;.;39;16;36,1;13,4;.;13,5
0728 Lardal;728;Lardal;44;8;36;.;36;17,4;57,1;15,1;.;15,2;29;4;25;.;25;21;57,1;19,1;.;19,2;15;4;11;.;11;13;57,1;10,2;.;10,3
0805 Porsgrunn;805;Porsgrunn;953;201;752;22;730;20,3;39,6;17,9;16,7;18;538;114;424;12;412;22,2;41,2;19,8;20,7;19,8;415;87;328;10;318;18,2;37,8;16;13,5;16,1
0806 Skien;806;Skien;1491;367;1124;64;1060;21;37,9;18,3;25,1;18;846;202;644;41;603;23,2;39,1;20,6;28,3;20,2;645;165;480;23;457;18,6;36,5;16;20,9;15,8
0807 Notodden;807;Notodden;338;58;280;.;280;21,2;33,1;19,7;.;19,8;182;24;158;.;158;22,3;28,6;21,6;.;21,8;156;34;122;.;122;20,1;37,4;17,8;.;17,8
0811 Siljan;811;Siljan;45;15;30;1;29;14,5;75;10,3;100;10;22;7;15;.;15;14,5;70;10,6;.;10,6;23;8;15;1;14;14,5;80;10,1;100;9,5
0814 Bamble;814;Bamble;428;78;350;1;349;21,8;52;19,3;20;19,3;237;46;191;.;191;22,9;55,4;20,1;.;20,2;191;32;159;1;158;20,6;47,8;18,5;50;18,4
0815 Kragerø;815;Kragerø;266;54;212;2;210;20,2;46,6;17,7;15,4;17,7;157;29;128;.;128;22,6;47,5;20,2;.;20,4;109;25;84;2;82;17,6;45,5;14,9;33,3;14,7
0817 Drangedal;817;Drangedal;77;10;67;.;67;16,6;34,5;15,4;.;15,4;42;6;36;.;36;17,1;35,3;15,8;.;15,8;35;4;31;.;31;16;33,3;15;.;15
0819 Nome;819;Nome;140;36;104;2;102;17,3;34,6;14,8;33,3;14,6;83;19;64;1;63;19,3;33,9;17,2;33,3;17;57;17;40;1;39;15;35,4;12;33,3;11,9
0821 Bø;821;Bø;159;56;103;.;103;17;31,3;13,6;.;13,8;102;34;68;.;68;20,5;34,7;17;.;17,4;57;22;35;.;35;12,9;27,2;9,7;.;9,9
0822 Sauherad;822;Sauherad;117;36;81;1;80;21,4;53,7;16,8;25;16,8;63;20;43;.;43;20,9;50;16,5;.;16,6;54;16;38;1;37;21,9;59,3;17,3;50;17
0826 Tinn;826;Tinn;104;26;78;5;73;15,6;35,6;13,1;31,3;12,6;67;16;51;2;49;18,7;38,1;16,1;25;15,9;37;10;27;3;24;12;32,3;9,7;37,5;8,9
0827 Hjartdal;827;Hjartdal;32;4;28;.;28;15,6;57,1;14,1;.;14,1;16;2;14;.;14;16,2;66,7;14,6;.;14,6;16;2;14;.;14;15,1;50;13,7;.;13,7
0828 Seljord;828;Seljord;76;15;61;.;61;22,2;62,5;19,2;.;19,2;47;9;38;.;38;25,7;64,3;22,5;.;22,6;29;6;23;.;23;18,2;60;15,4;.;15,4
0829 Kviteseid;829;Kviteseid;49;6;43;.;43;16,7;40;15,5;.;15,5;30;2;28;.;28;18,9;40;18,2;.;18,2;19;4;15;.;15;14,2;40;12,1;.;12,1
0830 Nissedal;830;Nissedal;30;3;27;.;27;17;30;16,3;.;16,4;15;2;13;.;13;14,6;33,3;13,4;.;13,4;15;1;14;.;14;20,5;25;20,3;.;20,6
0831 Fyresdal;831;Fyresdal;24;5;19;.;19;13,3;33,3;11,5;.;11,5;16;3;13;.;13;16,2;33,3;14,4;.;14,4;8;2;6;.;6;9,9;33,3;8;.;8
0833 Tokke;833;Tokke;39;6;33;.;33;14,2;31,6;12,9;.;13;30;5;25;.;25;19,7;50;17,6;.;17,6;9;1;8;.;8;7,4;11,1;7,1;.;7,2
0834 Vinje;834;Vinje;53;9;44;.;44;11;25;9,8;.;9,9;36;6;30;.;30;14,9;33,3;13,5;.;13,6;17;3;14;.;14;7;16,7;6,2;.;6,3
0901 Risør;901;Risør;158;43;115;1;114;17,8;45,7;14,5;14,3;14,5;83;19;64;.;64;18,3;42,2;15,6;.;15,7;75;24;51;1;50;17,3;49;13,2;20;13,2
0904 Grimstad;904;Grimstad;519;116;403;6;397;16;32,7;13,9;14;13,9;277;61;216;3;213;16,1;30,3;14,2;12,5;14,2;242;55;187;3;184;15,8;35,7;13,6;15,8;13,6
0906 Arendal;906;Arendal;1236;282;954;33;921;21,9;45,4;19;28;18,8;688;166;522;18;504;23,7;52,5;20,2;26,1;20;548;116;432;15;417;20;38;17,8;30,6;17,5
0911 Gjerstad;911;Gjerstad;62;11;51;.;51;19,7;36,7;18;.;18,1;29;4;25;.;25;18,7;28,6;17,7;.;17,9;33;7;26;.;26;20,8;43,8;18,2;.;18,3
0912 Vegårshei;912;Vegårshei;23;3;20;.;20;9,4;23,1;8,7;.;8,7;11;1;10;.;10;9;33,3;8,4;.;8,4;12;2;10;.;10;9,8;20;8,9;.;8,9
0914 Tvedestrand;914;Tvedestrand;146;26;120;.;120;19,6;38,8;17,7;.;17,9;68;12;56;.;56;19;34,3;17,3;.;17,4;78;14;64;.;64;20,2;43,8;18;.;18,2
0919 Froland;919;Froland;164;10;154;.;154;23;27;22,7;.;22,8;88;7;81;.;81;23,1;28;22,8;.;22,9;76;3;73;.;73;22,8;25;22,7;.;22,8
0926 Lillesand;926;Lillesand;212;38;174;2;172;17,6;38,8;15,7;6,7;16;123;20;103;1;102;19,2;42,6;17,4;9,1;17,5;89;18;71;1;70;15,8;35,3;13,8;5,3;14,1
0928 Birkenes;928;Birkenes;120;23;97;2;95;17,6;31,1;16;20;15,9;78;14;64;2;62;22,2;35,9;20,5;33,3;20,3;42;9;33;.;33;12,7;25,7;11,1;.;11,3
0929 Åmli;929;Åmli;48;11;37;.;37;21,8;42,3;19,1;.;19,1;29;8;21;.;21;24;47,1;20,2;.;20,2;19;3;16;.;16;19,2;33,3;17,8;.;17,8
0935 Iveland;935;Iveland;32;.;32;.;32;17,2;.;18,4;.;18,4;19;.;19;.;19;22,4;.;23,8;.;23,8;13;.;13;.;13;12,9;.;13,8;.;13,8
0937 Evje og Hornnes;937;Evje og Hornnes;77;15;62;.;62;17,2;27,8;15,8;.;16;45;11;34;.;34;19,2;35,5;16,7;.;16,9;32;4;28;.;28;15;17,4;14,7;.;15,1
0938 Bygland;938;Bygland;18;2;16;1;15;13,2;40;12,2;25;11,8;8;1;7;1;6;11,4;50;10,3;50;9,1;10;1;9;.;9;15,2;33,3;14,3;.;14,8
0940 Valle;940;Valle;19;4;15;.;15;11,1;22,2;9,8;.;9,8;11;2;9;.;9;12;28,6;10,6;.;10,6;8;2;6;.;6;10,1;18,2;8,8;.;8,8
0941 Bykle;941;Bykle;26;10;16;.;16;19,5;40;14,8;.;14,8;11;4;7;.;7;18,3;50;13,5;.;13,5;15;6;9;.;9;20,5;35,3;16,1;.;16,1
1001 Kristiansand;1001;Kristiansand;2406;725;1681;117;1564;18,9;44,5;15,1;24;14,7;1309;400;909;69;840;20,3;46,2;16,2;27,9;15,7;1097;325;772;48;724;17,4;42,5;14;20;13,7
1002 Mandal;1002;Mandal;334;73;261;2;259;16,5;37,2;14,3;12,5;14,3;191;43;148;1;147;18,4;40,2;15,9;14,3;15,9;143;30;113;1;112;14,5;33,7;12,6;11,1;12,6
1003 Farsund;1003;Farsund;204;25;179;2;177;16,5;35,2;15,4;33,3;15,3;107;10;97;2;95;16,9;26,3;16,3;50;16,1;97;15;82;.;82;16,1;45,5;14,4;.;14,4
1004 Flekkefjord;1004;Flekkefjord;172;35;137;.;137;15;35,4;13;.;13,3;112;23;89;.;89;17,4;44,2;15;.;15,3;60;12;48;.;48;11,9;25,5;10,5;.;10,6
1014 Vennesla;1014;Vennesla;440;44;396;4;392;22;35,5;21,1;22,2;21,1;220;21;199;3;196;21,4;35,6;20,5;37,5;20,4;220;23;197;1;196;22,7;35,4;21,8;10;21,9
1017 Songdalen;1017;Songdalen;181;35;146;4;142;20,1;35,7;18,2;26,7;18,1;91;20;71;2;69;19,2;40,8;16,7;25;16,5;90;15;75;2;73;21,2;30,6;20;28,6;19,8
1018 Søgne;1018;Søgne;242;38;204;3;201;15,8;34,9;14,4;27,3;14,3;116;17;99;3;96;14,5;27,4;13,4;50;13,1;126;21;105;.;105;17,3;44,7;15,4;.;15,5
1021 Marnardal;1021;Marnardal;61;7;54;.;54;18,8;36,8;17,6;.;17,7;35;5;30;.;30;21,2;41,7;19,6;.;19,6;26;2;24;.;24;16,3;28,6;15,7;.;15,8
1026 Åseral;1026;Åseral;24;8;16;.;16;16,4;44,4;12,5;.;12,5;15;4;11;.;11;19,2;36,4;16,4;.;16,4;9;4;5;.;5;13,2;57,1;8,2;.;8,2
1027 Audnedal;1027;Audnedal;30;8;22;.;22;12,4;47,1;9,8;.;9,8;18;2;16;.;16;15,7;33,3;14,7;.;14,7;12;6;6;.;6;9,5;54,5;5,2;.;5,2
1029 Lindesnes;1029;Lindesnes;133;33;100;.;100;21;52,4;17,6;.;17,7;68;15;53;.;53;21,9;68,2;18,4;.;18,5;65;18;47;.;47;20,2;43,9;16,7;.;16,8
1032 Lyngdal;1032;Lyngdal;239;73;166;2;164;21,7;51,8;17,3;18,2;17,2;139;42;97;1;96;23,7;59,2;18,8;14,3;18,9;100;31;69;1;68;19,3;44,3;15,4;25;15,3
1034 Hægebostad;1034;Hægebostad;27;8;19;.;19;11,7;61,5;8,7;.;8,8;18;4;14;.;14;15,5;100;12,5;.;12,6;9;4;5;.;5;7,8;44,4;4,7;.;4,7
1037 Kvinesdal;1037;Kvinesdal;145;27;118;.;118;17,7;37;15,8;.;15,8;77;13;64;.;64;17,3;31,7;15,8;.;15,9;68;14;54;.;54;18,1;43,8;15,7;.;15,7
1046 Sirdal;1046;Sirdal;31;5;26;.;26;13,1;25;12;.;12;17;1;16;.;16;12,9;11,1;13;.;13;14;4;10;.;10;13,3;36,4;10,6;.;10,6
1101 Eigersund;1101;Eigersund;404;91;313;3;310;19,3;52,9;16,3;20;16,2;234;49;185;1;184;20,9;55,1;17,9;10;18;170;42;128;2;126;17,4;50,6;14,3;40;14,2
1102 Sandnes;1102;Sandnes;2024;609;1415;87;1328;20,9;45,4;17;23,5;16,7;1114;327;787;54;733;22,4;49,2;18,2;27,3;17,8;910;282;628;33;595;19,4;41,6;15,6;19,1;15,5
1103 Stavanger;1103;Stavanger;3495;1227;2268;194;2074;19,6;45,9;14,9;24,9;14,4;1940;646;1294;111;1183;21,4;48,9;16,7;28,5;16,1;1555;581;974;83;891;17,7;43;13,1;21,3;12,6
1106 Haugesund;1106;Haugesund;981;288;693;10;683;20;46,2;16,2;13,7;16,2;544;154;390;5;385;21,7;48,4;17,8;13,2;17,9;437;134;303;5;298;18,2;43,8;14,4;14,3;14,4
1111 Sokndal;1111;Sokndal;71;2;69;.;69;16,1;22,2;16;.;16;39;.;39;.;39;16,7;.;16,7;.;16,7;32;2;30;.;30;15,4;22,2;15,1;.;15,1
1112 Lund;1112;Lund;82;19;63;.;63;18,3;38;15,8;.;15,8;45;6;39;.;39;19,7;33,3;18,5;.;18,5;37;13;24;.;24;16,9;40,6;12,8;.;12,8
1114 Bjerkreim;1114;Bjerkreim;55;13;42;.;42;14,5;68,4;11,6;.;11,8;26;8;18;.;18;13,7;61,5;10,2;.;10,4;29;5;24;.;24;15,3;83,3;13;.;13
1119 Hå;1119;Hå;601;160;441;.;441;23,1;56,3;19;.;19,1;340;86;254;.;254;25,6;57;21,5;.;21,7;261;74;187;.;187;20,5;55,6;16,4;.;16,4
1120 Klepp;1120;Klepp;558;130;428;4;424;21;48,3;17,9;14,3;18;307;70;237;2;235;22,3;52,6;19,1;11,8;19,2;251;60;191;2;189;19,6;44,1;16,7;18,2;16,7
1121 Time;1121;Time;519;99;420;8;412;20,7;47,1;18,3;32;18,1;287;42;245;7;238;22,1;43,8;20,4;50;20;232;57;175;1;174;19,1;50;15,9;9,1;16
1122 Gjesdal;1122;Gjesdal;326;64;262;1;261;18,8;48,5;16,4;5,9;16,5;191;38;153;.;153;20,6;52,1;18;.;18,1;135;26;109;1;108;16,7;44,1;14,6;10;14,7
1124 Sola;1124;Sola;635;183;452;13;439;18;44,4;14,5;16,3;14,5;341;79;262;6;256;18,6;39,3;16;13;16,1;294;104;190;7;183;17,4;49,3;12,9;20,6;12,7
1127 Randaberg;1127;Randaberg;289;64;225;4;221;18,5;48,5;15,7;23,5;15,6;160;30;130;3;127;19;44,8;16,8;30;16,6;129;34;95;1;94;17,9;52,3;14,5;14,3;14,5
1129 Forsand;1129;Forsand;25;6;19;.;19;15,7;54,5;12,8;.;12,8;15;5;10;.;10;18,5;71,4;13,5;.;13,5;10;1;9;.;9;12,8;25;12,2;.;12,2
1130 Strand;1130;Strand;305;70;235;3;232;18,2;45,2;15,4;15,8;15,4;145;37;108;.;108;17;46,3;14;.;14,2;160;33;127;3;124;19,3;44;16,9;33,3;16,7
1133 Hjelmeland;1133;Hjelmeland;56;22;34;.;34;17;44,9;12,1;.;12,1;31;11;20;.;20;17,6;47,8;13,1;.;13,1;25;11;14;.;14;16,3;42,3;11;.;11
1134 Suldal;1134;Suldal;70;20;50;.;50;14,5;40;11,6;.;11,6;42;8;34;.;34;17,3;40;15,2;.;15,2;28;12;16;.;16;11,7;40;7,7;.;7,7
1135 Sauda;1135;Sauda;89;14;75;.;75;13,5;42,4;12;.;12,1;47;7;40;.;40;14,3;36,8;12,9;.;13;42;7;35;.;35;12,8;50;11,1;.;11,1
1141 Finnøy;1141;Finnøy;68;24;44;.;44;17;66,7;12,1;.;12,2;37;13;24;.;24;18,2;72,2;13;.;13,1;31;11;20;.;20;15,8;61,1;11,2;.;11,3
1142 Rennesøy;1142;Rennesøy;104;30;74;.;74;15,7;50,8;12,3;.;12,3;60;14;46;.;46;17;46,7;14,3;.;14,3;44;16;28;.;28;14,2;55,2;10;.;10
1144 Kvitsøy;1144;Kvitsøy;:;:;:;:;:;:;:;:;:;:;:;:;:;:;:;:;:;:;:;:;:;:;:;:;:;:;:;:;:;:
1145 Bokn;1145;Bokn;18;3;15;1;14;16,2;50;14,3;100;13,5;8;2;6;1;5;14;66,7;11,1;100;9,4;10;1;9;.;9;18,5;33,3;17,6;.;17,6
1146 Tysvær;1146;Tysvær;216;49;167;1;166;15,1;48,5;12,5;50;12,5;120;23;97;.;97;16,8;48,9;14,5;.;14,5;96;26;70;1;69;13,4;48,1;10,5;50;10,4
1149 Karmøy;1149;Karmøy;955;160;795;9;786;16,7;40,1;15;18;14,9;507;79;428;4;424;17,2;43,2;15,4;15,4;15,4;448;81;367;5;362;16,3;37,5;14,5;20,8;14,4
1151 Utsira;1151;Utsira;:;:;:;:;:;:;:;:;:;:;:;:;:;:;:;:;:;:;:;:;:;:;:;:;:;:;:;:;:;:
1160 Vindafjord;1160;Vindafjord;193;71;122;.;122;16,4;52,2;11,7;.;11,7;112;37;75;.;75;17,7;52,1;13,3;.;13,3;81;34;47;.;47;14,9;52,3;9,8;.;9,8
1201 Bergen;1201;Bergen;7232;2238;4994;204;4790;18,1;45,6;14,2;19,8;14,1;3995;1141;2854;108;2746;19,8;47,5;16;22;15,9;3237;1097;2140;96;2044;16,4;43,7;12,4;17,9;12,2
1211 Etne;1211;Etne;79;26;53;1;52;16,5;54,2;12,3;100;12,1;43;13;30;.;30;17,3;59,1;13,3;.;13,3;36;13;23;1;22;15,5;50;11,2;100;10,7
1216 Sveio;1216;Sveio;122;20;102;1;101;17,2;51,3;15,2;50;15,1;67;9;58;1;57;18,4;60;16,6;100;16,3;55;11;44;.;44;16;45,8;13,8;.;13,8
1219 Bømlo;1219;Bømlo;201;57;144;.;144;12,2;41,3;9,6;.;9,6;118;34;84;.;84;13,4;42,5;10,5;.;10,5;83;23;60;.;60;10,9;39,7;8,5;.;8,6
1221 Stord;1221;Stord;442;70;372;4;368;16,3;43,2;14,6;16;14,6;235;38;197;3;194;16,6;46,9;14,8;20;14,7;207;32;175;1;174;16;39,5;14,4;10;14,4
1222 Fitjar;1222;Fitjar;68;7;61;1;60;17,8;53,8;16,5;100;16,3;40;4;36;.;36;20,1;80;18,6;.;18,6;28;3;25;1;24;15,3;37,5;14,3;100;13,8
1223 Tysnes;1223;Tysnes;47;6;41;.;41;13,4;31,6;12,3;.;12,3;24;1;23;.;23;12,5;14,3;12,4;.;12,4;23;5;18;.;18;14,5;41,7;12,2;.;12,2
1224 Kvinnherad;1224;Kvinnherad;267;28;239;3;236;16,2;31,5;15,3;60;15,2;157;15;142;2;140;18,6;38,5;17,6;50;17,5;110;13;97;1;96;13,7;26;12,9;100;12,8
1227 Jondal;1227;Jondal;25;5;20;.;20;15,4;35,7;13,5;.;13,5;7;1;6;.;6;10;20;9,2;.;9,2;18;4;14;.;14;19,6;44,4;16,9;.;16,9
1228 Odda;1228;Odda;140;31;109;.;109;15,2;40,3;12,9;.;13;78;14;64;.;64;16,8;33,3;15,2;.;15,2;62;17;45;.;45;13,6;48,6;10,7;.;10,8
1231 Ullensvang;1231;Ullensvang;43;13;30;1;29;10,6;27,7;8,4;50;8,1;28;8;20;1;19;13,5;29,6;11;50;10,6;15;5;10;.;10;7,6;25;5,6;.;5,6
1232 Eidfjord;1232;Eidfjord;14;1;13;.;13;11,3;33,3;10,7;.;10,7;10;1;9;.;9;14,1;50;13;.;13;4;.;4;.;4;7,5;.;7,7;.;7,7
1233 Ulvik;1233;Ulvik;23;5;18;1;17;16,3;31,3;14,4;100;13,7;11;3;8;1;7;14,7;33,3;12,1;100;10,8;12;2;10;.;10;18,2;28,6;16,9;.;16,9
1234 Granvin;1234;Granvin;15;2;13;.;13;10,9;22,2;10,1;.;10,1;9;2;7;.;7;13;50;10,8;.;10,8;6;.;6;.;6;8,7;.;9,4;.;9,4
1235 Voss;1235;Voss;282;65;217;1;216;15,4;51,2;12,7;16,7;12,7;171;36;135;1;134;17,8;46,8;15,3;25;15,3;111;29;82;.;82;12,6;58;9,9;.;9,9
1238 Kvam;1238;Kvam;180;59;121;.;121;15,6;48,8;11,7;.;11,7;93;27;66;.;66;15;43,5;11,8;.;11,8;87;32;55;.;55;16,3;54,2;11,6;.;11,6
1241 Fusa;1241;Fusa;37;4;33;.;33;8,3;33,3;7,6;.;7,6;23;2;21;.;21;9,5;40;8,9;.;8,9;14;2;12;.;12;6,8;28,6;6;.;6
1242 Samnanger;1242;Samnanger;46;10;36;.;36;15,8;50;13,2;.;13,4;24;4;20;.;20;16,8;50;14,8;.;14,8;22;6;16;.;16;14,8;50;11,7;.;11,9
1243 Os;1243;Os;442;93;349;8;341;18,3;48,7;15,7;22,2;15,6;227;45;182;4;178;18,2;57;15,6;28,6;15,5;215;48;167;4;163;18,5;42,9;15,9;18,2;15,8
1244 Austevoll;1244;Austevoll;116;45;71;.;71;17,8;70,3;12,1;.;12,1;56;21;35;.;35;16,2;70;11,1;.;11,1;60;24;36;.;36;19,6;70,6;13,2;.;13,3
1245 Sund;1245;Sund;210;44;166;3;163;25,3;55,7;22,1;75;21,8;116;25;91;2;89;26,9;62,5;23,3;100;22,9;94;19;75;1;74;23,6;48,7;20,8;50;20,7
1246 Fjell;1246;Fjell;660;81;579;6;573;18,8;37,7;17,6;17,6;17,6;378;47;331;4;327;20,7;44,8;19,2;20;19,2;282;34;248;2;246;16,8;30,9;15,8;14,3;15,8
1247 Askøy;1247;Askøy;614;97;517;8;509;18,9;44,9;17;47,1;16,8;351;50;301;5;296;20,8;48,5;19;41,7;18,9;263;47;216;3;213;16,7;41,6;14,8;60;14,6
1251 Vaksdal;1251;Vaksdal;87;9;78;2;76;16,4;25;15,8;100;15,4;40;3;37;.;37;15;13,6;15,1;.;15,1;47;6;41;2;39;17,9;42,9;16,5;100;15,8
1252 Modalen;1252;Modalen;:;:;:;:;:;:;:;:;:;:;:;:;:;:;:;:;:;:;:;:;:;:;:;:;:;:;:;:;:;:
1253 Osterøy;1253;Osterøy;183;31;152;.;152;16,8;48,4;14,8;.;14,8;104;18;86;.;86;18,7;51,4;16,5;.;16,6;79;13;66;.;66;14,7;44,8;13;.;13
1256 Meland;1256;Meland;178;34;144;1;143;17,6;45,3;15,4;33,3;15,3;99;19;80;1;79;19,7;48,7;17,3;100;17,1;79;15;64;.;64;15,6;41,7;13,6;.;13,6
1259 Øygarden;1259;Øygarden;130;29;101;.;101;21,7;54,7;18,5;.;18,6;67;10;57;.;57;21,6;38,5;20,1;.;20,1;63;19;44;.;44;21,9;70,4;16,9;.;16,9
1260 Radøy;1260;Radøy;122;14;108;.;108;19,3;29,8;18,5;.;18,5;77;9;68;.;68;22,8;39,1;21,6;.;21,7;45;5;40;.;40;15,4;20,8;14,9;.;14,9
1263 Lindås;1263;Lindås;348;62;286;2;284;18,2;49,2;16;40;16;197;31;166;2;164;19,6;47,7;17,7;66,7;17,5;151;31;120;.;120;16,7;50,8;14,2;.;14,3
1264 Austrheim;1264;Austrheim;69;11;58;.;58;19,4;44;17,5;.;17,5;43;7;36;.;36;24,2;46,7;22,1;.;22,1;26;4;22;.;22;14,6;40;13,1;.;13,1
1265 Fedje;1265;Fedje;:;:;:;:;:;:;:;:;:;:;:;:;:;:;:;:;:;:;:;:;:;:;:;:;:;:;:;:;:;:
1266 Masfjorden;1266;Masfjorden;38;.;38;.;38;16,7;.;16,8;.;16,8;20;.;20;.;20;17,2;.;17,4;.;17,4;18;.;18;.;18;16,1;.;16,2;.;16,2
1401 Flora;1401;Flora;294;69;225;5;220;17,6;45,4;14,8;22,7;14,7;155;35;120;2;118;17,3;43,8;14,7;16,7;14,7;139;34;105;3;102;17,9;47,2;14,9;30;14,7
1411 Gulen;1411;Gulen;38;5;33;.;33;11,9;33,3;10,9;.;10,9;19;2;17;.;17;12,8;50;11,8;.;11,8;19;3;16;.;16;11,2;27,3;10,1;.;10,1
1412 Solund;1412;Solund;6;2;4;.;4;6,7;33,3;4,8;.;4,8;1;.;1;.;1;2,1;.;2,2;.;2,2;5;2;3;.;3;11,9;50;7,9;.;7,9
1413 Hyllestad;1413;Hyllestad;22;1;21;.;21;13,6;25;13,3;.;13,4;12;.;12;.;12;13,2;.;13,5;.;13,6;10;1;9;.;9;14,1;50;13;.;13
1416 Høyanger;1416;Høyanger;83;16;67;2;65;15,1;43,2;13,1;28,6;12,9;51;8;43;2;41;17;42,1;15,3;50;14,8;32;8;24;.;24;12,9;44,4;10,4;.;10,6
1417 Vik;1417;Vik;46;17;29;.;29;13,6;70,8;9,3;.;9,4;22;10;12;.;12;12,9;76,9;7,6;.;7,7;24;7;17;.;17;14,4;63,6;10,9;.;11
1418 Balestrand;1418;Balestrand;24;9;15;.;15;14,2;56,3;9,8;.;9,9;13;4;9;.;9;15,1;66,7;11,3;.;11,4;11;5;6;.;6;13,3;50;8,2;.;8,3
1419 Leikanger;1419;Leikanger;27;4;23;.;23;9,9;26,7;8,9;.;8,9;16;2;14;.;14;11,9;28,6;11;.;11;11;2;9;.;9;7,9;25;6,8;.;6,8
1420 Sogndal;1420;Sogndal;169;66;103;.;103;14,1;52,4;9,6;.;9,6;100;34;66;.;66;16,5;48,6;12,3;.;12,3;69;32;37;.;37;11,6;57,1;6,9;.;6,9
1421 Aurland;1421;Aurland;39;5;34;.;34;16;41,7;14,7;.;14,7;21;4;17;.;17;16,2;50;13,9;.;13,9;18;1;17;.;17;15,8;25;15,5;.;15,5
1422 Lærdal;1422;Lærdal;36;2;34;1;33;12,9;33,3;12,5;11,1;12,5;22;1;21;1;20;13,9;25;13,6;25;13,3;14;1;13;.;13;11,7;50;11;.;11,5
1424 Årdal;1424;Årdal;92;11;81;.;81;13,6;19,3;13,1;.;13,1;51;3;48;.;48;13,9;7,9;14,6;.;14,7;41;8;33;.;33;13,2;42,1;11,3;.;11,3
1426 Luster;1426;Luster;89;18;71;.;71;13,3;54,5;11,1;.;11,1;48;6;42;.;42;14,8;46,2;13,5;.;13,5;41;12;29;.;29;11,8;60;8,9;.;8,9
1428 Askvoll;1428;Askvoll;43;3;40;.;40;11,6;18,8;11,3;.;11,3;22;1;21;.;21;12,2;20;12;.;12;21;2;19;.;19;11;18,2;10,6;.;10,7
1429 Fjaler;1429;Fjaler;61;24;37;.;37;11,9;12,6;11,5;.;11,6;39;9;30;.;30;15,3;11,1;17,2;.;17,2;22;15;7;.;7;8,6;13,8;4,7;.;4,8
1430 Gaular;1430;Gaular;50;10;40;.;40;13;40;11,1;.;11,1;28;5;23;.;23;14,1;45,5;12,3;.;12,3;22;5;17;.;17;11,8;35,7;9,9;.;9,9
1431 Jølster;1431;Jølster;57;18;39;.;39;14;50;10,5;.;10,5;35;13;22;.;22;16,8;52;12;.;12;22;5;17;.;17;11;45,5;9;.;9
1432 Førde;1432;Førde;292;75;217;3;214;15,6;47,2;12,6;21,4;12,6;152;40;112;1;111;15,7;50,6;12,6;16,7;12,6;140;35;105;2;103;15,4;43,8;12,7;25;12,6
1433 Naustdal;1433;Naustdal;58;8;50;.;50;15,3;47,1;13,8;.;13,8;28;1;27;.;27;13,6;25;13,4;.;13,4;30;7;23;.;23;17,3;53,8;14,4;.;14,4
1438 Bremanger;1438;Bremanger;86;29;57;2;55;18;38,7;14,2;40;13,9;50;14;36;.;36;19,1;34,1;16,3;.;16,4;36;15;21;2;19;16,7;44,1;11,6;66,7;10,7
1439 Vågsøy;1439;Vågsøy;115;26;89;2;87;14,5;40;12,2;25;12;63;18;45;.;45;14;48,6;10,9;.;11;52;8;44;2;42;15,1;28,6;13,9;66,7;13,4
1441 Selje;1441;Selje;61;5;56;.;56;15,9;35,7;15,1;.;15,2;35;2;33;.;33;18,8;22,2;18,6;.;18,6;26;3;23;.;23;13,1;60;11,9;.;12
1443 Eid;1443;Eid;107;32;75;.;75;13,2;44,4;10,1;.;10,2;64;17;47;.;47;15,2;43,6;12,3;.;12,5;43;15;28;.;28;11;45,5;7,8;.;7,8
1444 Hornindal;1444;Hornindal;22;6;16;.;16;12,7;85,7;9,6;.;9,7;11;2;9;.;9;12,2;100;10,2;.;10,3;11;4;7;.;7;13,3;80;9;.;9
1445 Gloppen;1445;Gloppen;97;22;75;1;74;12,2;37,9;10,2;100;10,1;60;12;48;.;48;14,7;37,5;12,8;.;12,8;37;10;27;1;26;9,6;38,5;7,5;100;7,3
1449 Stryn;1449;Stryn;158;65;93;.;93;17;51,6;11,6;.;11,6;101;44;57;.;57;19,6;52,4;13,3;.;13,3;57;21;36;.;36;13,8;50;9,7;.;9,7
1502 Molde;1502;Molde;603;180;423;3;420;16,9;48,4;13,2;8,6;13,2;346;99;247;3;244;18,5;48,3;14,8;18,8;14,8;257;81;176;.;176;15,1;48,5;11,4;.;11,6
1504 Ålesund;1504;Ålesund;1178;313;865;12;853;18,8;43,5;15,6;19,7;15,5;691;184;507;6;501;21,2;48,8;17,6;18,8;17,6;487;129;358;6;352;16,1;37,7;13,4;20,7;13,3
1505 Kristiansund;1505;Kristiansund;714;148;566;1;565;22,8;46,5;20,1;7,1;20,2;379;79;300;1;299;23,2;47;20,5;10;20,6;335;69;266;.;266;22,4;46;19,7;.;19,8
1511 Vanylven;1511;Vanylven;46;6;40;.;40;10,9;35,3;9,9;.;9,9;30;3;27;.;27;13;50;12,1;.;12,1;16;3;13;.;13;8,4;27,3;7,2;.;7,2
1514 Sande;1514;Sande;56;12;44;.;44;17,5;30;15,7;.;15,7;35;6;29;.;29;21,3;31,6;20;.;20;21;6;15;.;15;13,5;28,6;11,1;.;11,1
1515 Herøy;1515;Herøy;213;62;151;2;149;19,1;56,9;15;20;15;118;31;87;1;86;21,1;57,4;17,2;20;17,2;95;31;64;1;63;17,1;56,4;12,8;20;12,7
1516 Ulstein;1516;Ulstein;163;55;108;2;106;16;53,9;11,8;10,5;11,8;87;23;64;1;63;16,7;45,1;13,6;14,3;13,6;76;32;44;1;43;15,3;62,7;9,9;8,3;9,9
1517 Hareid;1517;Hareid;127;32;95;4;91;19,2;43,2;16,2;20;16;63;10;53;2;51;18,6;26,3;17,7;18,2;17,6;64;22;42;2;40;19,8;61,1;14,6;22,2;14,4
1519 Volda;1519;Volda;206;50;156;.;156;14,5;28,6;12,6;.;12,7;152;36;116;.;116;20,2;35;17,9;.;18,1;54;14;40;.;40;8,1;19,4;6,7;.;6,8
1520 Ørsta;1520;Ørsta;258;45;213;.;213;18,5;46,4;16,4;.;16,5;165;25;140;.;140;22,2;53,2;20,1;.;20,2;93;20;73;.;73;14,3;40;12,2;.;12,2
1523 Ørskog;1523;Ørskog;49;12;37;.;37;17,7;46,2;14,7;.;15,1;22;2;20;.;20;16,8;18,2;16,7;.;16,9;27;10;17;.;17;18,5;66,7;13;.;13,4
1524 Norddal;1524;Norddal;17;3;14;.;14;9,5;33,3;8,2;.;8,2;14;3;11;.;11;14;50;11,7;.;11,7;3;.;3;.;3;3,8;.;3,9;.;3,9
1525 Stranda;1525;Stranda;113;46;67;.;67;18,6;59;12,6;.;12,7;65;25;40;.;40;19,6;62,5;13,7;.;13,9;48;21;27;.;27;17,3;55,3;11,3;.;11,3
1526 Stordal;1526;Stordal;14;7;7;.;7;11,7;43,8;6,7;.;6,9;8;4;4;.;4;13,6;50;7,8;.;7,8;6;3;3;.;3;9,8;37,5;5,7;.;5,9
1528 Sykkylven;1528;Sykkylven;189;55;134;1;133;19,5;49,5;15,6;20;15,6;112;25;87;1;86;22,7;53,2;19,5;33,3;19,4;77;30;47;.;47;16,1;46,9;11,4;.;11,4
1529 Skodje;1529;Skodje;99;19;80;.;80;17,9;50;15,5;.;15,7;45;6;39;.;39;16,7;40;15,4;.;15,4;54;13;41;.;41;19;56,5;15,7;.;15,9
1531 Sula;1531;Sula;188;37;151;.;151;17,8;52,1;15,3;.;15,4;111;20;91;.;91;19,5;52,6;17,2;.;17,3;77;17;60;.;60;15,7;51,5;13,1;.;13,2
1532 Giske;1532;Giske;172;47;125;1;124;17;52,2;13,6;10;13,6;102;27;75;.;75;19,3;57,4;15,6;.;15,8;70;20;50;1;49;14,5;46,5;11,4;20;11,3
1534 Haram;1534;Haram;205;46;159;1;158;18,3;35,9;16;8,3;16,1;102;16;86;1;85;17,3;28,6;16,1;16,7;16,1;103;30;73;.;73;19,5;41,7;16;.;16,2
1535 Vestnes;1535;Vestnes;198;34;164;.;164;20,8;47,2;18,6;.;18,6;107;17;90;.;90;21;47,2;19;.;19;91;17;74;.;74;20,5;47,2;18,1;.;18,2
1539 Rauma;1539;Rauma;160;22;138;.;138;17,1;43,1;15,6;.;15,6;93;14;79;.;79;19,6;48,3;17,7;.;17,8;67;8;59;.;59;14,5;36,4;13,4;.;13,4
1543 Nesset;1543;Nesset;56;6;50;.;50;14,4;60;13,2;.;13,2;34;3;31;.;31;16,2;75;15;.;15;22;3;19;.;19;12,3;50;11;.;11
1545 Midsund;1545;Midsund;43;15;28;.;28;18,4;62,5;13,3;.;13,4;25;5;20;.;20;19,7;50;17,1;.;17,2;18;10;8;.;8;16,8;71,4;8,6;.;8,6
1546 Sandøy;1546;Sandøy;32;10;22;.;22;22,1;41,7;18,2;.;18,2;14;3;11;.;11;18,9;25;17,7;.;17,7;18;7;11;.;11;25,4;58,3;18,6;.;18,6
1547 Aukra;1547;Aukra;63;11;52;1;51;15,1;35,5;13,4;20;13,4;35;6;29;.;29;17,3;42,9;15,4;.;15,6;28;5;23;1;22;13;29,4;11,6;33,3;11,2
1548 Fræna;1548;Fræna;266;50;216;.;216;20,9;58,8;18,2;.;18,3;141;24;117;.;117;21,6;55,8;19,2;.;19,3;125;26;99;.;99;20,2;61,9;17,2;.;17,2
1551 Eide;1551;Eide;88;10;78;.;78;20,1;47,6;18,8;.;18,8;58;6;52;.;52;24,9;50;23,5;.;23,5;30;4;26;.;26;14,7;44,4;13,3;.;13,3
1554 Averøy;1554;Averøy;138;17;121;.;121;19,2;37,8;18;.;18;81;10;71;.;71;20,8;34,5;19,7;.;19,8;57;7;50;.;50;17,3;43,8;16;.;16
1557 Gjemnes;1557;Gjemnes;44;15;29;.;29;16,6;45,5;12,5;.;12,6;20;6;14;.;14;15,2;40;12;.;12,1;24;9;15;.;15;18;50;13;.;13,2
1560 Tingvoll;1560;Tingvoll;52;13;39;.;39;15,3;41,9;12,7;.;12,7;30;8;22;.;22;15,9;44,4;12,9;.;12,9;22;5;17;.;17;14,7;38,5;12,4;.;12,4
1563 Sunndal;1563;Sunndal;167;57;110;.;110;17,1;42,5;13;.;13,1;101;41;60;.;60;18,5;47,7;13,1;.;13,1;66;16;50;.;50;15,3;33,3;13;.;13,1
1566 Surnadal;1566;Surnadal;129;10;119;1;118;16,3;38,5;15,5;50;15,4;79;6;73;.;73;18,5;54,5;17,6;.;17,6;50;4;46;1;45;13,7;26,7;13,1;50;12,9
1567 Rindal;1567;Rindal;22;3;19;.;19;8,2;75;7,2;.;7,2;12;1;11;.;11;8,8;50;8,1;.;8,1;10;2;8;.;8;7,6;100;6,2;.;6,2
1571 Halsa;1571;Halsa;17;5;12;.;12;10,2;62,5;7,5;.;7,5;11;4;7;.;7;14,1;80;9,6;.;9,6;6;1;5;.;5;6,7;33,3;5,8;.;5,8
1573 Smøla;1573;Smøla;47;6;41;.;41;19,3;46,2;17,7;.;17,7;29;5;24;.;24;23,4;71,4;20,5;.;20,5;18;1;17;.;17;15;16,7;14,9;.;14,9
1576 Aure;1576;Aure;57;18;39;.;39;14,3;50;10,7;.;10,7;36;13;23;.;23;17,1;59,1;12,2;.;12,2;21;5;16;.;16;11,2;35,7;9,2;.;9,2
1601 Trondheim;1601;Trondheim;4650;1279;3371;84;3287;16,4;38,8;13,4;14,4;13,4;2688;724;1964;59;1905;18,2;40,8;15,1;18,2;15,1;1962;555;1407;25;1382;14,4;36,4;11,6;9,6;11,7
1612 Hemne;1612;Hemne;124;24;100;1;99;20,7;51,1;18,1;100;18;79;18;61;.;61;25,4;52,9;22;.;22;45;6;39;1;38;15,6;46,2;14,2;100;13,9
1613 Snillfjord;1613;Snillfjord;23;.;23;.;23;16,5;.;16,5;.;16,5;15;.;15;.;15;17,9;.;17,9;.;17,9;8;.;8;.;8;14,5;.;14,5;.;14,5
1617 Hitra;1617;Hitra;121;52;69;.;69;21,6;60,5;14,5;.;14,6;57;26;31;.;31;21,1;66,7;13,4;.;13,4;64;26;38;.;38;22;55,3;15,6;.;15,6
1620 Frøya;1620;Frøya;160;74;86;.;86;27,3;62,7;18,3;.;18,3;96;41;55;.;55;32,7;66,1;23,7;.;23,7;64;33;31;.;31;21,8;58,9;13,1;.;13,1
1621 Ørland;1621;Ørland;139;10;129;.;129;18,1;29,4;17,6;.;17,6;76;5;71;.;71;19;33,3;18,4;.;18,4;63;5;58;.;58;17,2;26,3;16,7;.;16,7
1622 Agdenes;1622;Agdenes;43;6;37;.;37;18,2;35,3;16,9;.;17;26;5;21;.;21;20,2;55,6;17,5;.;17,6;17;1;16;.;16;15,9;12,5;16,2;.;16,2
1624 Rissa;1624;Rissa;144;25;119;2;117;16,8;47,2;14,8;66,7;14,6;83;18;65;1;64;18,4;51,4;15,6;100;15,4;61;7;54;1;53;15,1;38,9;14;50;13,8
1627 Bjugn;1627;Bjugn;94;10;84;.;84;16,3;34,5;15,3;.;15,3;47;6;41;.;41;16,9;37,5;15,6;.;15,7;47;4;43;.;43;15,7;30,8;15;.;15
1630 Åfjord;1630;Åfjord;57;5;52;.;52;13,1;45,5;12,3;.;12,3;33;2;31;.;31;13,2;50;12,6;.;12,6;24;3;21;.;21;13;42,9;11,8;.;11,8
1632 Roan;1632;Roan;18;4;14;.;14;13,7;80;11,1;.;11,1;13;3;10;.;10;21;75;17,2;.;17,2;5;1;4;.;4;7,2;100;5,9;.;5,9
1633 Osen;1633;Osen;15;.;15;.;15;14,6;.;14,6;.;14,6;8;.;8;.;8;15,7;.;15,7;.;15,7;7;.;7;.;7;13,5;.;13,5;.;13,5
1634 Oppdal;1634;Oppdal;173;43;130;.;130;19,6;56,6;16,1;.;16,2;97;17;80;.;80;21,6;53,1;19,2;.;19,3;76;26;50;.;50;17,5;59,1;12,8;.;12,9
1635 Rennebu;1635;Rennebu;55;3;52;.;52;16,7;37,5;16,2;.;16,2;34;1;33;.;33;19;25;18,9;.;18,9;21;2;19;.;19;14;50;13;.;13
1636 Meldal;1636;Meldal;84;17;67;.;67;16,6;50;14,2;.;14,2;46;11;35;.;35;18,3;57,9;15,1;.;15,1;38;6;32;.;32;14,9;40;13,3;.;13,3
1638 Orkdal;1638;Orkdal;276;48;228;1;227;20,2;42,9;18,2;9,1;18,3;149;30;119;.;119;21,1;50;18,4;.;18,5;127;18;109;1;108;19,4;34,6;18;14,3;18,1
1640 Røros;1640;Røros;85;22;63;.;63;12,1;47,8;9,6;.;9,7;44;10;34;.;34;12,2;47,6;10;.;10,1;41;12;29;.;29;12,1;48;9,2;.;9,2
1644 Holtålen;1644;Holtålen;24;4;20;.;20;9,8;66,7;8,4;.;8,4;14;3;11;.;11;10,9;100;8,8;.;8,8;10;1;9;.;9;8,5;33,3;7,9;.;7,9
1648 Midtre Gauldal;1648;Midtre Gauldal;185;76;109;.;109;20,8;73,1;13,9;.;13,9;93;34;59;.;59;21,2;68;15,2;.;15,2;92;42;50;.;50;20,4;77,8;12,6;.;12,7
1653 Melhus;1653;Melhus;330;53;277;.;277;15,8;41,1;14,2;.;14,2;186;29;157;.;157;16,9;42,6;15,2;.;15,3;144;24;120;.;120;14,6;39,3;13;.;13,1
1657 Skaun;1657;Skaun;144;21;123;.;123;16,3;56,8;14,6;.;14,6;81;11;70;.;70;17,9;50;16,3;.;16,3;63;10;53;.;53;14,7;66,7;12,8;.;12,8
1662 Klæbu;1662;Klæbu;166;29;137;.;137;20,6;58;18,1;.;18,2;87;13;74;.;74;20,7;48,1;18,8;.;18,8;79;16;63;.;63;20,5;69,6;17,4;.;17,6
1663 Malvik;1663;Malvik;293;46;247;.;247;16,7;35,7;15,2;.;15,3;176;27;149;.;149;18,8;37;17,3;.;17,4;117;19;98;.;98;14,3;33,9;12,8;.;12,9
1664 Selbu;1664;Selbu;79;15;64;.;64;16,7;65,2;14,2;.;14,3;47;7;40;.;40;17,8;58,3;15,9;.;15,9;32;8;24;.;24;15,3;72,7;12,1;.;12,2
1665 Tydal;1665;Tydal;9;.;9;.;9;7;.;7,1;.;7,2;7;.;7;.;7;10;.;10;.;10,1;2;.;2;.;2;3,4;.;3,6;.;3,6
1702 Steinkjer;1702;Steinkjer;585;100;485;1;484;19,5;42,2;17,6;10;17,6;336;67;269;.;269;21,9;48,2;19,2;.;19,3;249;33;216;1;215;17,1;33,7;15,9;14,3;15,9
1703 Namsos;1703;Namsos;401;54;347;.;347;21,4;33,3;20,2;.;20,3;226;26;200;.;200;23,1;34,7;22,2;.;22,2;175;28;147;.;147;19,4;32,2;18,1;.;18,1
1711 Meråker;1711;Meråker;67;14;53;.;53;20,4;37,8;18,2;.;18,2;34;9;25;.;25;19,8;42,9;16,6;.;16,6;33;5;28;.;28;21;31,3;19,9;.;19,9
1714 Stjørdal;1714;Stjørdal;554;84;470;.;470;18,5;43,1;16,8;.;16,8;319;45;274;.;274;20,6;44,1;18,9;.;19;235;39;196;.;196;16,2;41,9;14,5;.;14,5
1717 Frosta;1717;Frosta;68;13;55;.;55;19,5;65;16,7;.;16,7;45;7;38;.;38;24,9;63,6;22,4;.;22,4;23;6;17;.;17;13,7;66,7;10,7;.;10,7
1718 Leksvik;1718;Leksvik;63;5;58;.;58;15,5;38,5;14,8;.;14,9;31;4;27;.;27;15,7;44,4;14,3;.;14,5;32;1;31;.;31;15,4;25;15,2;.;15,3
1719 Levanger;1719;Levanger;470;129;341;1;340;17,1;54;13,6;10;13,6;244;66;178;1;177;17,9;56,9;14,3;16,7;14,3;226;63;163;.;163;16,3;51,2;12,9;.;12,9
1721 Verdal;1721;Verdal;381;55;326;1;325;19,2;49,5;17,4;33,3;17,3;202;28;174;1;173;19,4;51,9;17,6;50;17,6;179;27;152;.;152;18,9;47,4;17,1;.;17,1
1724 Verran;1724;Verran;57;12;45;.;45;18,5;66,7;15,5;.;15,5;32;6;26;.;26;20,1;66,7;17,3;.;17,3;25;6;19;.;19;16,8;66,7;13,6;.;13,6
1725 Namdalseid;1725;Namdalseid;30;.;30;.;30;14,5;.;15;.;15;17;.;17;.;17;15,3;.;15,9;.;15,9;13;.;13;.;13;13,5;.;14;.;14
1736 Snåase Snåsa;1736;Snåase Snåsa;39;2;37;1;36;12,7;66,7;12,2;25;12;24;.;24;1;23;14,8;.;14,8;100;14,3;15;2;13;.;13;10,3;66,7;9,2;.;9,4
1738 Lierne;1738;Lierne;22;6;16;.;16;15,3;60;11,9;.;11,9;9;2;7;.;7;12,5;66,7;10,1;.;10,1;13;4;9;.;9;18,1;57,1;13,8;.;13,8
1739 Raarvihke Røyrvik;1739;Raarvihke Røyrvik;15;.;15;.;15;27,3;.;28,3;.;28,3;13;.;13;.;13;39,4;.;40,6;.;40,6;2;.;2;.;2;9,1;.;9,5;.;9,5
1740 Namsskogan;1740;Namsskogan;14;.;14;.;14;15,1;.;15,6;.;15,6;9;.;9;.;9;18,4;.;18,8;.;18,8;5;.;5;.;5;11,4;.;11,9;.;11,9
1742 Grong;1742;Grong;77;31;46;.;46;21,5;44,3;16;.;16;54;24;30;.;30;25,6;44,4;19,1;.;19,1;23;7;16;.;16;15,6;43,8;12,2;.;12,2
1743 Høylandet;1743;Høylandet;15;3;12;.;12;11,7;60;9,8;.;9,8;11;2;9;.;9;15,9;50;13,8;.;13,8;4;1;3;.;3;6,8;100;5,2;.;5,2
1744 Overhalla;1744;Overhalla;132;30;102;.;102;26,1;69,8;22;.;22;81;17;64;.;64;30,8;73,9;26,7;.;26,7;51;13;38;.;38;21;65;17;.;17
1748 Fosnes;1748;Fosnes;12;1;11;.;11;14,6;25;14,1;.;14,1;7;.;7;.;7;17,1;.;17,1;.;17,1;5;1;4;.;4;12,2;25;10,8;.;10,8
1749 Flatanger;1749;Flatanger;29;10;19;.;19;18,4;66,7;13,3;.;13,4;18;3;15;.;15;21,7;60;19,2;.;19,2;11;7;4;.;4;14,7;70;6,2;.;6,3
1750 Vikna;1750;Vikna;151;22;129;.;129;27;52,4;24,9;.;24,9;77;12;65;.;65;27,7;57,1;25,3;.;25,3;74;10;64;.;64;26,2;47,6;24,5;.;24,5
1751 Nærøy;1751;Nærøy;138;18;120;.;120;20;46,2;18,4;.;18,5;68;6;62;.;62;18,1;33,3;17,3;.;17,4;70;12;58;.;58;22,2;57,1;19,7;.;19,8
1755 Leka;1755;Leka;12;1;11;.;11;18,5;50;17,5;.;17,5;4;.;4;.;4;11,1;.;11,4;.;11,4;8;1;7;.;7;27,6;100;25;.;25
1756 Inderøy;1756;Inderøy;138;17;121;.;121;14,9;39,5;13,7;.;13,7;73;11;62;.;62;15,2;57,9;13,4;.;13,5;65;6;59;.;59;14,6;25;14;.;14
1804 Bodø;1804;Bodø;1571;263;1308;11;1297;21,9;40,1;20,1;34,4;20;929;162;767;4;763;24,9;44,6;22,8;28,6;22,8;642;101;541;7;534;18,6;34,5;17,1;38,9;17
1805 Narvik;1805;Narvik;627;130;497;3;494;23,2;42,9;20,8;17,6;20,8;373;77;296;2;294;26,2;43,3;23,7;18,2;23,8;254;53;201;1;200;20;42,4;17,5;16,7;17,5
1811 Bindal;1811;Bindal;31;4;27;.;27;17,3;80;15,5;.;15,5;17;2;15;.;15;18,9;100;17;.;17;14;2;12;.;12;15,7;66,7;14;.;14
1812 Sømna;1812;Sømna;53;10;43;.;43;19,1;41,7;16,9;.;16,9;27;5;22;.;22;20,3;45,5;18;.;18;26;5;21;.;21;17,9;38,5;15,9;.;15,9
1813 Brønnøy;1813;Brønnøy;249;32;217;1;216;22,9;53,3;21,2;50;21,1;116;13;103;.;103;21,3;50;19,9;.;19,9;133;19;114;1;113;24,5;55,9;22,4;50;22,3
1815 Vega;1815;Vega;22;.;22;.;22;14,1;.;14,4;.;14,4;9;.;9;.;9;11,5;.;11,8;.;11,8;13;.;13;.;13;16,7;.;16,9;.;16,9
1816 Vevelstad;1816;Vevelstad;8;.;8;.;8;16,7;.;16,7;.;16,7;3;.;3;.;3;11,5;.;11,5;.;11,5;5;.;5;.;5;22,7;.;22,7;.;22,7
1818 Herøy;1818;Herøy;70;23;47;.;47;29,2;71,9;22,6;.;22,6;44;11;33;.;33;33,6;68,8;28,7;.;28,7;26;12;14;.;14;23,9;75;15,1;.;15,1
1820 Alstahaug;1820;Alstahaug;223;35;188;.;188;22,3;41,2;20,5;.;20,6;118;22;96;.;96;23,9;44,9;21,6;.;21,6;105;13;92;.;92;20,7;36,1;19,5;.;19,7
1822 Leirfjord;1822;Leirfjord;76;18;58;.;58;24,3;52,9;20,8;.;20,9;42;9;33;.;33;24;52,9;20,9;.;21;34;9;25;.;25;24,6;52,9;20,7;.;20,7
1824 Vefsn;1824;Vefsn;375;55;320;1;319;21,3;48,7;19,4;33,3;19,4;233;34;199;.;199;25,3;48,6;23,4;.;23,4;142;21;121;1;120;16,9;48,8;15,2;100;15,1
1825 Grane;1825;Grane;33;3;30;.;30;20,4;30;19,7;.;19,7;20;1;19;.;19;23,3;25;23,2;.;23,2;13;2;11;.;11;17,1;33,3;15,7;.;15,7
1826 Hattfjelldal;1826;Hattfjelldal;50;14;36;.;36;26,5;45,2;22,8;.;22,8;27;6;21;.;21;26,5;37,5;24,4;.;24,4;23;8;15;.;15;26,4;53,3;20,8;.;20,8
1827 Dønna;1827;Dønna;35;6;29;.;29;19,6;54,5;17,3;.;17,3;22;4;18;.;18;22,2;44,4;20;.;20;13;2;11;.;11;16,3;100;14,1;.;14,1
1828 Nesna;1828;Nesna;71;42;29;.;29;21,8;53,2;11,7;.;11,7;45;26;19;.;19;26,3;52;15,7;.;15,7;26;16;10;.;10;16,8;55,2;7,9;.;7,9
1832 Hemnes;1832;Hemnes;125;11;114;.;114;20,5;42,3;19,5;.;19,5;75;4;71;.;71;23,7;28,6;23,5;.;23,5;50;7;43;.;43;17;58,3;15,2;.;15,2
1833 Rana;1833;Rana;848;114;734;.;734;23,7;51,6;21,8;.;21,9;451;71;380;.;380;24,4;56,3;22;.;22,1;397;43;354;.;354;22,9;45,3;21,6;.;21,6
1834 Lurøy;1834;Lurøy;48;9;39;.;39;21,1;69,2;18,1;.;18,1;23;3;20;.;20;20,2;75;18,2;.;18,2;25;6;19;.;19;21,9;66,7;18,1;.;18,1
1835 Træna;1835;Træna;8;1;7;.;7;12,5;20;11,9;.;11,9;5;.;5;.;5;15,6;.;17,2;.;17,2;3;1;2;.;2;9,4;50;6,7;.;6,7
1836 Rødøy;1836;Rødøy;25;3;22;.;22;15,1;42,9;13,8;.;13,9;9;.;9;.;9;11,5;.;11,7;.;11,7;16;3;13;.;13;18,2;50;15,9;.;16
1837 Meløy;1837;Meløy;153;25;128;.;128;17,1;43,9;15,3;.;15,3;91;11;80;.;80;19,9;44;18,5;.;18,5;62;14;48;.;48;14,1;43,8;11,8;.;11,8
1838 Gildeskål;1838;Gildeskål;52;14;38;.;38;23,2;60,9;18,9;.;18,9;33;4;29;.;29;26,8;40;25,7;.;25,7;19;10;9;.;9;18,8;76,9;10,2;.;10,2
1839 Beiarn;1839;Beiarn;31;3;28;.;28;25,8;75;24,1;.;24,1;22;1;21;.;21;37,9;100;36,8;.;36,8;9;2;7;.;7;14,5;66,7;11,9;.;11,9
1840 Saltdal;1840;Saltdal;126;28;98;.;98;21,3;58,3;18;.;18;76;17;59;.;59;24,8;50;21,6;.;21,6;50;11;39;.;39;17,5;78,6;14,4;.;14,4
1841 Fauske;1841;Fauske;272;37;235;.;235;22,2;50;20,5;.;20,5;157;26;131;.;131;23,9;60,5;21,3;.;21,3;115;11;104;.;104;20,4;35,5;19,5;.;19,5
1845 Sørfold;1845;Sørfold;49;8;41;.;41;21,2;50;19,1;.;19,1;29;3;26;.;26;24,8;60;23,2;.;23,2;20;5;15;.;15;17,5;45,5;14,6;.;14,6
1848 Steigen;1848;Steigen;73;10;63;.;63;21;45,5;19,3;.;19,3;44;8;36;.;36;23,2;57,1;20,5;.;20,5;29;2;27;.;27;18,4;25;18;.;18
1849 Hábmer Hamarøy;1849;Hábmer Hamarøy;68;31;37;1;36;26,5;56,4;18,3;50;18;41;21;20;.;20;29,1;60;18,9;.;19;27;10;17;1;16;23,3;50;17,7;100;16,8
1850 Divtasvuodna Tysfjord;1850;Divtasvuodna Tysfjord;57;6;51;.;51;23,8;54,5;22,3;.;22,3;31;2;29;.;29;23,7;50;22,8;.;22,8;26;4;22;.;22;23,9;57,1;21,6;.;21,6
1851 Lødingen;1851;Lødingen;68;31;37;.;37;22,5;47,7;15,6;.;15,6;39;16;23;.;23;22,3;36,4;17,6;.;17,6;29;15;14;.;14;22,8;71,4;13,2;.;13,2
1852 Tjeldsund;1852;Tjeldsund;37;3;34;.;34;28,7;60;27,4;.;27,4;19;2;17;.;17;27,1;50;25,8;.;25,8;18;1;17;.;17;30,5;100;29,3;.;29,3
1853 Evenes;1853;Evenes;34;11;23;.;23;23,8;78,6;17,8;.;17,8;16;5;11;.;11;21,9;71,4;16,7;.;16,7;18;6;12;.;12;25,7;85,7;19;.;19
1854 Ballangen;1854;Ballangen;79;16;63;.;63;25,3;55,2;22,3;.;22,3;46;8;38;.;38;26,3;47,1;24,1;.;24,1;33;8;25;.;25;24,1;66,7;20;.;20
1856 Røst;1856;Røst;20;2;18;.;18;26,3;50;25;.;25,4;11;.;11;.;11;25;.;25,6;.;25,6;9;2;7;.;7;28,1;66,7;24,1;.;25
1857 Værøy;1857;Værøy;43;14;29;.;29;43,4;77,8;35,8;.;35,8;19;7;12;.;12;46,3;77,8;37,5;.;37,5;24;7;17;.;17;41,4;77,8;34,7;.;34,7
1859 Flakstad;1859;Flakstad;56;2;54;.;54;27,5;25;27,6;.;27,7;37;1;36;.;36;34,9;50;34,6;.;35;19;1;18;.;18;19,4;16,7;19,6;.;19,6
1860 Vestvågøy;1860;Vestvågøy;367;88;279;2;277;23,4;55,3;19,8;66,7;19,7;222;58;164;2;162;26,9;53,7;22,9;100;22,7;145;30;115;.;115;19,5;58,8;16,6;.;16,6
1865 Vågan;1865;Vågan;312;86;226;1;225;26,4;53,8;22,1;25;22,1;170;52;118;.;118;27,8;59,1;22,5;.;22,6;142;34;108;1;107;24,9;47,2;21,7;100;21,5
1866 Hadsel;1866;Hadsel;240;61;179;.;179;22;45,9;18,7;.;18,8;146;34;112;.;112;25,3;48,6;22,1;.;22,2;94;27;67;.;67;18,3;42,9;14,9;.;14,9
1867 Bø;1867;Bø;85;9;76;.;76;31,4;60;29,7;.;30,3;50;5;45;.;45;36;83,3;33,8;.;34,6;35;4;31;.;31;26,5;44,4;25,2;.;25,6
1868 Øksnes;1868;Øksnes;194;35;159;.;159;30,8;53,8;28,1;.;28,1;111;16;95;.;95;34,5;55,2;32,4;.;32,4;83;19;64;.;64;26,9;52,8;23,5;.;23,5
1870 Sortland;1870;Sortland;364;54;310;2;308;25,5;44,3;23,7;28,6;23,7;198;30;168;2;166;25,6;45,5;23,7;50;23,6;166;24;142;.;142;25,3;42,9;23,7;.;23,8
1871 Andøy;1871;Andøy;142;23;119;.;119;22,1;60,5;19,7;.;19,7;89;12;77;.;77;26,7;57,1;24,7;.;24,7;53;11;42;.;42;17,1;64,7;14,3;.;14,4
1874 Moskenes;1874;Moskenes;41;11;30;.;30;36,6;84,6;30,3;.;30,3;27;6;21;.;21;40,3;85,7;35;.;35;14;5;9;.;9;31,1;83,3;23,1;.;23,1
1902 Tromsø;1902;Tromsø;2296;473;1823;14;1809;21,9;43,2;19,4;23,3;19,4;1295;268;1027;10;1017;24,1;49,3;21,3;30,3;21,2;1001;205;796;4;792;19,5;37,3;17,4;14,8;17,4
1903 Harstad;1903;Harstad;810;140;670;1;669;23,8;45,5;21,6;10;21,7;462;68;394;1;393;25,9;43,6;24,2;20;24,3;348;72;276;.;276;21,4;47,4;18,8;.;18,8
1911 Kvæfjord;1911;Kvæfjord;109;30;79;.;79;23,3;56,6;19;.;19;56;13;43;.;43;24,7;41,9;21,9;.;21,9;53;17;36;.;36;22;77,3;16,4;.;16,4
1913 Skånland;1913;Skånland;77;13;64;.;64;24,4;44,8;22,4;.;22,5;44;7;37;.;37;26,2;46,7;24,2;.;24,2;33;6;27;.;27;22,4;42,9;20,3;.;20,5
1917 Ibestad;1917;Ibestad;41;12;29;.;29;22,7;41,4;19,1;.;19,1;26;6;20;.;20;27,1;35,3;25,3;.;25,3;15;6;9;.;9;17,6;50;12,3;.;12,3
1919 Gratangen;1919;Gratangen;40;5;35;.;35;29,2;50;27,6;.;27,6;20;1;19;.;19;28,2;33,3;27,9;.;27,9;20;4;16;.;16;30,3;57,1;27,1;.;27,1
1920 Lavangen;1920;Lavangen;29;2;27;.;27;25,2;40;24,5;.;24,5;16;1;15;.;15;24,6;33,3;24,2;.;24,2;13;1;12;.;12;26;50;25;.;25
1922 Bardu;1922;Bardu;120;22;98;1;97;19,7;47,8;17,4;16,7;17,4;71;9;62;1;61;19,6;40,9;18,2;16,7;18,3;49;13;36;.;36;19,8;54,2;16,1;.;16,1
1923 Salangen;1923;Salangen;128;70;58;1;57;34;65,4;21,5;50;21,3;80;48;32;1;31;37,7;66,7;22,9;50;22,5;48;22;26;.;26;29,1;62,9;20;.;20
1924 Målselv;1924;Målselv;205;28;177;1;176;20;44,4;18,4;100;18,4;119;11;108;1;107;20,1;39,3;19,2;100;19;86;17;69;.;69;19,9;48,6;17,4;.;17,4
1925 Sørreisa;1925;Sørreisa;103;13;90;.;90;22,4;48,1;20,8;.;20,8;52;4;48;.;48;24,1;40;23,3;.;23,3;51;9;42;.;42;21;52,9;18,6;.;18,6
1926 Dyrøy;1926;Dyrøy;24;1;23;1;22;17,6;25;17,4;50;16,9;14;1;13;.;13;17,7;50;16,9;.;16,9;10;.;10;1;9;17,5;.;18,2;50;17
1927 Tranøy;1927;Tranøy;31;9;22;.;22;19,1;69,2;14,8;.;14,8;15;4;11;.;11;16,5;57,1;13,1;.;13,1;16;5;11;.;11;22,5;83,3;16,9;.;16,9
1928 Torsken;1928;Torsken;32;5;27;1;26;32;55,6;29,7;100;28,9;17;2;15;1;14;32,1;40;31,3;100;29,8;15;3;12;.;12;31,9;75;27,9;.;27,9
1929 Berg;1929;Berg;46;20;26;.;26;35,9;76,9;25,5;.;25,5;28;12;16;.;16;41,2;85,7;29,6;.;29,6;18;8;10;.;10;30;66,7;20,8;.;20,8
1931 Lenvik;1931;Lenvik;359;80;279;1;278;23;46,8;20,1;33,3;20;195;46;149;1;148;23,5;47,9;20,3;50;20,2;164;34;130;.;130;22,4;45,3;19,8;.;19,8
1933 Balsfjord;1933;Balsfjord;175;20;155;.;155;25,3;66,7;23,4;.;23,4;98;11;87;.;87;26,5;78,6;24,4;.;24,5;77;9;68;.;68;23,8;56,3;22,1;.;22,1
1936 Karlsøy;1936;Karlsøy;83;17;66;.;66;29,6;56,7;26,4;.;26,4;41;4;37;.;37;27,5;28,6;27,4;.;27,4;42;13;29;.;29;32,1;81,3;25,2;.;25,2
1938 Lyngen;1938;Lyngen;85;6;79;.;79;24,2;35,3;23,7;.;23,9;46;4;42;.;42;24,3;33,3;23,7;.;23,9;39;2;37;.;37;24,1;40;23,6;.;23,9
1939 Omasvuotna Storfjord Omasvuonon;1939;Omasvuotna Storfjord Omasvuonon;59;13;46;.;46;24,4;54,2;21,1;.;21,1;38;8;30;.;30;27,7;50;24,8;.;24,8;21;5;16;.;16;20;62,5;16,5;.;16,5
1940 Gáivuotna Kåfjord;1940;Gáivuotna Kåfjord;82;11;71;.;71;28,4;55;26,4;.;26,4;53;8;45;.;45;35,3;53,3;33,3;.;33,3;29;3;26;.;26;20,9;60;19,4;.;19,4
1941 Skjervøy;1941;Skjervøy;120;18;102;.;102;28,2;62,1;25,8;.;25,8;74;11;63;.;63;32,6;73,3;29,7;.;29,7;46;7;39;.;39;23,2;50;21,2;.;21,2
1942 Nordreisa;1942;Nordreisa;167;17;150;.;150;24,8;53,1;23,4;.;23,4;93;9;84;.;84;25,3;69,2;23,7;.;23,7;74;8;66;.;66;24,2;42,1;23;.;23,1
1943 Kvænangen;1943;Kvænangen;40;.;40;.;40;25,5;.;25,5;.;25,5;30;.;30;.;30;31,6;.;31,6;.;31,6;10;.;10;.;10;16,1;.;16,1;.;16,1
2002 Vardø;2002;Vardø;75;13;62;.;62;29,5;65;26,5;.;26,6;53;11;42;.;42;38,7;68,8;34,7;.;34,7;22;2;20;.;20;18,8;50;17,7;.;17,9
2003 Vadsø;2003;Vadsø;266;132;134;1;133;27,9;54,5;18,9;20;18,9;176;88;88;1;87;32,8;53,7;23,7;50;23,5;90;44;46;.;46;21,6;56,4;13,6;.;13,7
2004 Hammerfest;2004;Hammerfest;455;127;328;2;326;30,7;57,7;26;20;26,1;256;76;180;1;179;33,6;65;27,9;16,7;28;199;51;148;1;147;27,7;49,5;24,1;25;24,1
2011 Guovdageaidnu Kautokeino;2011;Guovdageaidnu Kautokeino;89;3;86;.;86;22,4;21,4;22,5;.;22,6;63;1;62;.;62;30,7;25;30,8;.;31,2;26;2;24;.;24;13,5;20;13,2;.;13,2
2012 Alta;2012;Alta;858;147;711;1;710;27,7;46,7;25,5;20;25,5;526;105;421;1;420;32;56,5;28,9;33,3;28,9;332;42;290;.;290;22,8;32,6;21,8;.;21,9
2014 Loppa;2014;Loppa;37;8;29;.;29;28,9;66,7;25;.;25;23;3;20;.;20;31,5;60;29,4;.;29,4;14;5;9;.;9;25,5;71,4;18,8;.;18,8
2015 Hasvik;2015;Hasvik;50;14;36;.;36;42,4;87,5;35,3;.;35,3;30;7;23;.;23;47,6;87,5;41,8;.;41,8;20;7;13;.;13;36,4;87,5;27,7;.;27,7
2017 Kvalsund;2017;Kvalsund;23;5;18;1;17;21,7;71,4;18,2;100;17,3;13;2;11;.;11;25;100;22;.;22;10;3;7;1;6;18,5;60;14,3;100;12,5
2018 Måsøy;2018;Måsøy;39;11;28;.;28;28,1;57,9;23,3;.;23,5;23;10;13;.;13;34,3;83,3;23,6;.;24,1;16;1;15;.;15;22,2;14,3;23,1;.;23,1
2019 Nordkapp;2019;Nordkapp;97;15;82;1;81;23,4;41,7;21,6;100;21,4;54;8;46;1;45;24,9;38,1;23,5;100;23,1;43;7;36;.;36;21,7;46,7;19,7;.;19,7
2020 Porsanger Porsángu Porsanki;2020;Porsanger Porsángu Porsanki;119;25;94;.;94;23,1;49;20,3;.;20,3;77;14;63;.;63;28,4;42,4;26,5;.;26,5;42;11;31;.;31;17,2;61,1;13,7;.;13,7
2021 Kárásjohka Karasjok;2021;Kárásjohka Karasjok;109;4;105;.;105;27,2;57,1;26,6;.;26,6;75;1;74;.;74;33,2;50;33;.;33;34;3;31;.;31;19,4;60;18,2;.;18,2
2022 Lebesby;2022;Lebesby;37;6;31;.;31;23,1;60;20,7;.;20,7;31;5;26;.;26;32;71,4;28,9;.;28,9;6;1;5;.;5;9,5;33,3;8,3;.;8,3
2023 Gamvik;2023;Gamvik;60;18;42;.;42;42,6;85,7;35;.;35;39;13;26;.;26;47,6;100;37,7;.;37,7;21;5;16;.;16;35,6;62,5;31,4;.;31,4
2024 Berlevåg;2024;Berlevåg;38;9;29;.;29;27,3;56,3;23,6;.;23,8;25;6;19;.;19;36,2;66,7;31,7;.;31,7;13;3;10;.;10;18,6;42,9;15,9;.;16,1
2025 Deatnu Tana;2025;Deatnu Tana;95;10;85;.;85;27,9;55,6;26,4;.;26,5;60;7;53;.;53;33,1;70;31;.;31;35;3;32;.;32;22;37,5;21,2;.;21,3
2027 Unjárga Nesseby;2027;Unjárga Nesseby;31;4;27;.;27;29;40;27,8;.;27,8;17;.;17;.;17;27,9;.;29,8;.;29,8;14;4;10;.;10;30,4;66,7;25;.;25
2028 Båtsfjord;2028;Båtsfjord;103;39;64;2;62;35;60;27,9;50;27,6;60;16;44;.;44;39;53,3;35,5;.;35,8;43;23;20;2;18;30,7;65,7;19;66,7;17,6
2030 Sør-Varanger;2030;Sør-Varanger;413;81;332;2;330;28,3;47,6;25,8;22,2;25,8;222;42;180;.;180;28,9;47,7;26,4;.;26,5;191;39;152;2;150;27,8;47,6;25,1;28,6;25
