Kommune nr & navn;kommune_nr;"Kommune
navn";innvkat_3.alle;innvkat_3.alle;innvkat_3.alle;innvkat_3.innvandrere;innvkat_3.innvandrere;innvkat_3.innvandrere;innvkat_3.befolkningen_ellers;innvkat_3.befolkningen_ellers;innvkat_3.befolkningen_ellers;innvkat_3.alle;innvkat_3.alle;innvkat_3.alle;innvkat_3.innvandrere;innvkat_3.innvandrere;innvkat_3.innvandrere;innvkat_3.befolkningen_ellers;innvkat_3.befolkningen_ellers;innvkat_3.befolkningen_ellers
Nedbrytninger;;;arbeidsalder_18_69.18_29;arbeidsalder_18_69.30_54;arbeidsalder_18_69.55_69;arbeidsalder_18_69.18_29;arbeidsalder_18_69.30_54;arbeidsalder_18_69.55_69;arbeidsalder_18_69.18_29;arbeidsalder_18_69.30_54;arbeidsalder_18_69.55_69;arbeidsalder_18_69.18_29;arbeidsalder_18_69.30_54;arbeidsalder_18_69.55_69;arbeidsalder_18_69.18_29;arbeidsalder_18_69.30_54;arbeidsalder_18_69.55_69;arbeidsalder_18_69.18_29;arbeidsalder_18_69.30_54;arbeidsalder_18_69.55_69
Alder;;;enhet.personer;enhet.personer;enhet.personer;enhet.personer;enhet.personer;enhet.personer;enhet.personer;enhet.personer;enhet.personer;enhet.prosent;enhet.prosent;enhet.prosent;enhet.prosent;enhet.prosent;enhet.prosent;enhet.prosent;enhet.prosent;enhet.prosent
0101 Halden;101;Halden;2978;7602;2848;318;846;186;2660;6756;2662;64,9;77,4;49,9;48,9;61,1;40,7;67,5;80,1;50,7
0104 Moss;104;Moss;2817;8446;2981;484;1494;243;2333;6952;2738;64,8;77,8;51,2;55,5;62,1;42,3;67,1;82,2;52,1
0105 Sarpsborg;105;Sarpsborg;5201;14310;4821;759;2202;274;4442;12108;4547;67;77,4;49,1;53,1;61,3;36;70,1;81,3;50,2
0106 Fredrikstad;106;Fredrikstad;7463;20759;7578;1162;2971;431;6301;17788;7147;65,5;78,5;53,5;55,2;61,9;43,2;67,9;82,2;54,3
0111 Hvaler;111;Hvaler;326;1108;668;20;72;20;306;1036;648;64,3;81,1;55,6;42,6;71,3;55,6;66,5;81,8;55,6
0118 Aremark;118;Aremark;118;372;176; : ;13;4; : ;359;172;69,4;82,3;60,1; : ;72,2;33,3; : ;82,7;61,2
0119 Marker;119;Marker;306;928;409;24;89;17;282;839;392;68,8;81,5;54,9;58,5;73;34,7;69,8;82,6;56,3
0121 Rømskog;121;Rømskog;48;187;85; : ;25;4; : ;162;81;67,6;83,1;63,9; : ;92,6;50; : ;81,8;64,8
0122 Trøgstad;122;Trøgstad;509;1518;571;50;183;19;459;1335;552;69,9;80,7;57,3;55,6;74,1;45,2;71,9;81,8;57,8
0123 Spydeberg;123;Spydeberg;524;1583;628;60;193;25;464;1390;603;70,6;83,8;58,1;61,9;72,8;37,3;71,9;85,5;59,5
0124 Askim;124;Askim;1499;4068;1603;239;808;137;1260;3260;1466;67,3;77,9;54,4;55,6;66,8;40,3;70,1;81,2;56,3
0125 Eidsberg;125;Eidsberg;1092;3037;1168;154;495;63;938;2542;1105;66,1;79,1;57,2;53,5;66,4;44,1;68,7;82,1;58,2
0127 Skiptvet;127;Skiptvet;374;1080;392;33;134;22;341;946;370;74,8;83,1;57,3;56,9;74;59,5;77,1;84,6;57,2
0128 Rakkestad;128;Rakkestad;726;2109;979;88;312;30;638;1797;949;68,9;78,9;63;50,3;66,5;40,5;72,6;81,6;64,2
0135 Råde;135;Råde;665;1966;857;57;238;34;608;1728;823;70,5;83,1;60,1;51,8;73,7;54,8;73;84,6;60,3
0136 Rygge;136;Rygge;1294;4310;1528;113;574;105;1181;3736;1423;65,9;82,2;55,9;57,7;72,7;47,3;66,8;83,9;56,6
0137 Våler (Østfold);137;Våler (Østf.);494;1523;531;60;205;34;434;1318;497;72,3;84,2;61,4;62,5;75,9;47,2;73,9;85,6;62,7
0138 Hobøl;138;Hobøl;560;1583;519;89;289;24;471;1294;495;69,5;83,1;60,5;62,2;75,5;47,1;71;85;61,3
0211 Vestby;211;Vestby;1306;4863;1795;191;798;114;1115;4065;1681;67,3;84,5;61,9;55,7;75,5;55,6;69,8;86,5;62,4
0213 Ski;213;Ski;2775;8987;2981;410;1486;225;2365;7501;2756;68,6;85,1;62,9;60,2;71,3;52,7;70,3;88,5;64
0214 Ås;214;Ås;1938;5428;1727;426;1170;159;1512;4258;1568;64,7;84,1;66,1;58,5;72,3;63,1;66,7;88;66,4
0215 Frogn;215;Frogn;1325;4705;1841;124;607;132;1201;4098;1709;67,6;84,9;62,1;56,4;74,5;62,9;69,1;86,7;62
0216 Nesodden;216;Nesodden;1404;5558;2139;142;883;229;1262;4675;1910;60,5;84,2;65,2;52,6;77,8;66;61,6;85,5;65,1
0217 Oppegård;217;Oppegård;2173;7968;2971;253;1178;230;1920;6790;2741;63,7;87,4;64;52,1;73,9;55,4;65,6;90,3;64,8
0219 Bærum;219;Bærum;9829;36317;13119;1869;7800;1324;7960;28517;11795;62,9;85,7;68,4;56,7;74,3;59,2;64,6;89,5;69,7
0220 Asker;220;Asker;4823;17796;6427;933;3679;596;3890;14117;5831;61,5;85,9;67,7;56,4;76;57,1;62,8;88,9;69,1
0221 Aurskog Høland;221;Aurskog-Høland;1462;4607;1626;165;573;66;1297;4034;1560;71,7;83,6;58,4;59,4;73,3;53,2;73,7;85,2;58,6
0226 Sørum;226;Sørum;1618;5504;1538;259;982;89;1359;4522;1449;70;86,5;62,4;58,9;78,1;54,3;72,6;88,6;63
0227 Fet;227;Fet;1048;3570;1135;177;563;57;871;3007;1078;69,9;86,3;61,6;69,4;73,6;48,7;70;89,2;62,5
0228 Rælingen;228;Rælingen;1825;5380;1658;312;1128;174;1513;4252;1484;73,5;85,5;61,7;63,7;75;55,6;76;88,8;62,5
0229 Enebakk;229;Enebakk;1005;3329;1110;119;504;67;886;2825;1043;72,7;83,6;61,7;60,7;74,6;57,8;74,6;85,4;61,9
0230 Lørenskog;230;Lørenskog;3305;10660;3638;661;2619;342;2644;8041;3296;68,1;84,2;60,6;61,9;72,4;46,7;69,9;88,8;62,5
0231 Skedsmo;231;Skedsmo;5531;15770;4583;1082;3489;448;4449;12281;4135;71,1;83,3;58,3;59,7;69,6;47,8;74,6;88,3;59,8
0233 Nittedal;233;Nittedal;1943;7473;2188;250;1153;175;1693;6320;2013;67,7;87,8;63,3;63,1;79,1;57;68,4;89,7;63,9
0234 Gjerdrum;234;Gjerdrum;584;2121;637;93;332;30;491;1789;607;72,5;87,9;64,7;65;76,7;63,8;74,1;90,4;64,8
0235 Ullensaker;235;Ullensaker;3555;10274;2700;774;2106;198;2781;8168;2502;74,5;84,2;58;69,5;73,8;47,5;76;87,4;59,1
0236 Nes (Akershus);236;Nes (Ak.);2038;6011;2199;218;706;114;1820;5305;2085;70,7;83,5;59,8;58,9;71,5;58,8;72,5;85,4;59,9
0237 Eidsvoll;237;Eidsvoll;2296;6716;2245;244;945;97;2052;5771;2148;71,7;82,4;56,1;60,2;72,8;46;73,3;84,2;56,7
0238 Nannestad;238;Nannestad;1246;3669;1128;215;676;78;1031;2993;1050;73,6;84;60;64,6;78;55,7;75,8;85,5;60,3
0239 Hurdal;239;Hurdal;255;710;310;17;83;19;238;627;291;73,9;81;57,1;60,7;74,8;61,3;75,1;81,9;56,8
0301 Oslo;301;Oslo kommune;89600;195151;52238;22565;56722;7418;67035;138429;44820;70,9;79,6;60;63,5;67,1;45;73,8;86,2;63,4
0402 Kongsvinger;402;Kongsvinger;1424;4276;1932;121;524;96;1303;3752;1836;59,1;75,1;50,4;38,4;60,3;40,5;62,2;77,7;51,1
0403 Hamar;403;Hamar;2949;7597;3550;350;877;150;2599;6720;3400;66;81,8;59,8;53,1;64,9;49;68,2;84,7;60,3
0412 Ringsaker;412;Ringsaker;3305;9269;3564;261;885;138;3044;8384;3426;70,7;82,2;57,3;58;71,2;55,4;72,1;83,6;57,3
0415 Løten;415;Løten;765;1974;891;51;160;20;714;1814;871;70,6;80,2;57,8;48,1;66,9;48,8;73;81,7;58
0417 Stange;417;Stange;1826;5264;2288;156;498;80;1670;4766;2208;66,9;81,6;58,6;45,6;68,5;55,9;69,9;83,3;58,7
0418 Nord-Odal;418;Nord-Odal;403;1266;588;13;72;10;390;1194;578;68,3;77,5;51,8;46,4;66,7;43,5;69,4;78,3;51,9
0419 Sør-Odal;419;Sør-Odal;708;2146;892;31;160;28;677;1986;864;69,8;80,5;55,5;47,7;71,1;56;71,3;81,4;55,5
0420 Eidskog;420;Eidskog;491;1504;740;28;110;37;463;1394;703;63,4;75,8;54,8;50,9;59,5;46,8;64,4;77,5;55,3
0423 Grue;423;Grue;355;1160;661;31;96;35;324;1064;626;59,7;79,6;54,7;50,8;71,1;58,3;60,7;80,5;54,5
0425 Åsnes;425;Åsnes;550;1788;908;26;124;35;524;1664;873;59,7;76,7;54,5;35,6;60,5;50,7;61,8;78,3;54,6
0426 Våler (Hedm.);426;Våler (Hedm.);295;940;479;27;77;15;268;863;464;66,3;77,6;53,8;73;68,1;51,7;65,7;78,5;53,9
0427 Elverum;427;Elverum;2146;5540;2268;194;461;96;1952;5079;2172;68,4;82,7;59,1;52,3;63,2;55,5;70,5;85,1;59,3
0428 Trysil;428;Trysil;525;1662;764;49;175;32;476;1487;732;60,1;78,6;55,5;44,5;61,6;47,8;62,3;81,3;55,9
0429 Åmot;429;Åmot;478;1142;466;28;102;9;450;1040;457;69,7;81,9;55,1;47,5;68,9;36;71,8;83,5;55,7
0430 Stor-Elvdal;430;Stor-Elvdal;204;606;310;25;68;12;179;538;298;48,8;73,6;53,6;17,4;51,1;41,4;65,3;78;54,3
0432 Rendalen;432;Rendalen;153;441;297;8;23;5;145;418;292;75,7;84,2;60,2;50;62,2;33,3;78;85,8;61,1
0434 Engerdal;434;Engerdal;99;340;184; : ;25;11; : ;315;173;62,7;85,4;60,1; : ;62,5;52,4; : ;88;60,7
0436 Tolga;436;Tolga;172;421;238;8;51;8;164;370;230;68,5;87;72,3;32;68;50;72,6;90,5;73,5
0437 Tynset;437;Tynset;565;1438;793;68;187;24;497;1251;769;70,7;87,2;71,2;57,1;78,9;61,5;73,1;88,5;71,6
0438 Alvdal;438;Alvdal;256;671;309;11;52;4;245;619;305;76,2;89;72,5;44;78,8; : ;78,8;90; : 
0439 Folldal;439;Folldal;121;431;232;4;34; : ;117;397; : ;70,3;87,8;63;57,1;87,2; : ;70,9;87,8; : 
0441 Os (Hedm.);441;Os (Hedm.);203;562;271;22;63;8;181;499;263;69;89,6;67,8;68,8;74,1;44,4;69,1;92,1;68,8
0501 Lillehammer;501;Lillehammer;3043;7343;3212;323;845;146;2720;6498;3066;67,2;85,7;63,3;58,5;71,8;53,3;68,4;87,9;63,8
0502 Gjøvik;502;Gjøvik;3088;8045;3190;381;1028;142;2707;7017;3048;67,4;82;57,3;53,4;69,3;46,1;70;84,2;58
0511 Dovre;511;Dovre;262;661;358;24;66;11;238;595;347;71,2;84;61,3;50;71,7;50;74,4;85,6;61,7
0512 Lesja;512;Lesja;213;546;303;15;58;9;198;488;294;76,1;89,8;69;62,5;81,7;60;77,3;90,9;69,3
0513 Skjåk;513;Skjåk;215;601;315;12;49;7;203;552;308;75,4;85,4;64;48;58,3;63,6;78,1;89;64
0514 Lom;514;Lom;231;659;316;12;40; : ;219;619; : ;72,9;88,2;63,1;66,7;74,1; : ;73,2;89,3; : 
0515 Vågå;515;Vågå;321;984;478;15;42;10;306;942;468;71,2;86,9;63,2;50;58,3;83,3;72,7;88,9;62,9
0516 Nord-Fron;516;Nord-Fron;542;1548;731;33;110;15;509;1438;716;73,4;84,4;59,5;49,3;72,8;53,6;75,9;85,4;59,6
0517 Sel;517;Sel;500;1565;706;20;98;7;480;1467;699;62,3;83,7;57,9;22,7;64,9;43,8;67,1;85,3;58,1
0519 Sør-Fron;519;Sør-Fron;324;834;365;35;77;9;289;757;356;75,5;83,3;57,8;74,5;73,3;42,9;75,7;84,5;58,3
0520 Ringebu;520;Ringebu;463;1202;521;48;141;15;415;1061;506;76,4;82,7;59,2;59,3;68,1;60;79;85,2;59,2
0521 Øyer;521;Øyer;542;1425;629;72;168;38;470;1257;591;69,4;85,5;64,2;55;67,7;59,4;72,3;88,6;64,5
0522 Gausdal;522;Gausdal;629;1780;740;44;123;20;585;1657;720;77,2;87,1;62,3;62;75,9;57,1;78,6;88;62,5
0528 Østre Toten;528;Østre Toten;1406;4060;1709;119;372;56;1287;3688;1653;71,6;82,7;57,9;57,2;70,1;50,9;73,2;84,3;58,1
0529 Vestre Toten;529;Vestre Toten;1195;3580;1415;77;295;41;1118;3285;1374;68,6;81,1;54,2;42,5;69,7;54,7;71,7;82,3;54,2
0532 Jevnaker;532;Jevnaker;659;1790;682;57;183;29;602;1607;653;74,4;80,8;55,4;62,6;77,5;49,2;75,7;81,2;55,8
0533 Lunner;533;Lunner;844;2628;1073;71;243;47;773;2385;1026;70,3;84;61,4;55,9;64,8;62,7;72;86,6;61,4
0534 Gran;534;Gran;1287;3714;1564;108;325;35;1179;3389;1529;70,2;81,9;59,5;44,3;64,4;45,5;74,2;84,1;59,9
0536 Søndre Land;536;Søndre Land;506;1441;617;36;107;18;470;1334;599;67,2;77,1;51,2;46,2;63,7;46,2;69,6;78,5;51,3
0538 Nordre Land;538;Nordre Land;661;1719;796;36;120;9;625;1599;787;72,6;79,8;58,1;53,7;67;45;74,1;81;58,3
0540 Sør-Aurdal;540;Sør-Aurdal;290;823;382;21;56;14;269;767;368;72,3;85,3;60,4;60;70,9;53,8;73,5;86,6;60,7
0541 Etnedal;541;Etnedal;96;370;159;7;31;6;89;339;153;52,2;80,8;60,9;13,2;39,7;40;67,9;89,2;62,2
0542 Nord-Aurdal;542;Nord-Aurdal;643;1750;868;61;194;41;582;1556;827;73,6;84,4;63,7;54;71,1;64,1;76,5;86,4;63,7
0543 Vestre Slidre;543;Vestre Slidre;204;619;304;15;46;6;189;573;298;75,6;86,2;67,9;46,9;63;50;79,4;88,8;68,3
0544 Øystre Slidre;544;Øystre Slidre;363;922;455;36;102;24;327;820;431;79,1;88,3;69,4;78,3;75;75;79,2;90,3;69,1
0545 Vang;545;Vang;177;418;243;22;72;8;155;346;235;72,2;84,8;72,8;41,5;67,9;61,5;80,7;89,4;73,2
0602 Drammen;602;Drammen;7131;18243;6396;1618;4649;579;5513;13594;5817;67,8;78,7;57,1;57,7;65;42,2;71,5;84,8;59,2
0604 Kongsberg;604;Kongsberg;2754;7791;3061;466;1351;184;2288;6440;2877;70,2;85,2;64,2;61,5;75,2;63,7;72,3;87,7;64,2
0605 Ringerike;605;Ringerike;2947;8093;3426;335;1103;181;2612;6990;3245;67,8;81;58,9;57;69,7;57,3;69,5;83,1;59
0612 Hole;612;Hole;538;2011;741;103;331;55;435;1680;686;66,3;83,9;61,7;61,7;74,2;64;67,4;86,1;61,5
0615 Flå;615;Flå;105;263;133;14;26;6;91;237;127;72,9;84,6;61;63,6;68,4;46,2;74,6;86,8;62
0616 Nes (Busk.);616;Nes (Busk.);299;921;502;37;114;23;262;807;479;61,5;86,3;68,9;41,6;64,4;67,6;66;90,7;68,9
0617 Gol;617;Gol;469;1335;579;105;254;41;364;1081;538;75,3;86,1;67,6;81,4;75,6;63,1;73,7;89;67,9
0618 Hemsedal;618;Hemsedal;228;760;240;62;184;13;166;576;227;69,7;86,8;70,8;60,2;78;59,1;74,1;90;71,6
0619 Ål;619;Ål;496;1294;629;59;163;19;437;1131;610;76,3;89,7;68,1;67;79,1;57,6;77,8;91,4;68,5
0620 Hol;620;Hol;509;1279;649;109;266;38;400;1013;611;78,2;87,7;69,3;70,8;80,4;59,4;80,5;89,9;70
0621 Sigdal;621;Sigdal;337;969;541;27;69;10;310;900;531;78,4;87,1;71,7;77,1;74,2;55,6;78,5;88,3;72
0622 Krødsherad;622;Krødsherad;246;616;290;43;104;8;203;512;282;76,6;82;60,5;78,2;78,8;42,1;76,3;82,7;61,3
0623 Modum;623;Modum;1281;3663;1622;96;394;65;1185;3269;1557;69,9;79,7;58,9;50;68,6;53,7;72,3;81,3;59,1
0624 Øvre Eiker;624;Øvre Eiker;1893;5159;1870;230;793;94;1663;4366;1776;71,5;82,8;59;61;76;56,6;73,2;84,2;59,1
0625 Nedre Eiker;625;Nedre Eiker;2360;7157;2311;349;1427;161;2011;5730;2150;69,9;82,9;58;61,4;74,5;46,8;71,6;85,3;59
0626 Lier;626;Lier;2241;7804;2724;406;1596;218;1835;6208;2506;67,3;85,6;62,1;60,9;74,9;53,2;68,9;88,9;63
0627 Røyken;627;Røyken;1864;6679;2186;242;1063;163;1622;5616;2023;70,4;86,8;63,5;63,9;77,3;62,7;71,5;88,9;63,6
0628 Hurum;628;Hurum;715;2653;1126;84;378;67;631;2275;1059;63,8;83,7;57,2;52,2;75,9;60,4;65,8;85,2;57
0631 Flesberg;631;Flesberg;245;778;361;23;74;12;222;704;349;72,9;88,2;67;59;69,8;85,7;74,7;90,7;66,5
0632 Rollag;632;Rollag;112;351;212;5;32;6;107;319;206;71,8;88,4;67,9;35,7;72,7;66,7;75,4;90,4;68
0633 Nore og Uvdal;633;Nore og Uvdal;270;706;370;16;90;6;254;616;364;81,1;88,3;70,7;47,1;78,9;66,7;84,9;89,8;70,8
0701 Horten;701;Horten;2492;7013;2591;351;1008;164;2141;6005;2427;62,5;78,4;52,6;53,8;67,3;45,8;64,2;80,7;53,2
0702 Holmestrand;702;Holmestrand;941;2871;1129;81;330;59;860;2541;1070;68;80,3;53,8;60,9;69;54,1;68,7;82;53,7
0704 Tønsberg;704;Tønsberg;4497;11692;4257;647;1633;294;3850;10059;3963;67,8;82,3;59,3;61,3;71,2;59,5;69;84,4;59,2
0706 Sandefjord;706;Sandefjord;4014;12041;4553;631;1958;258;3383;10083;4295;63;79,4;55,2;56,6;67,9;46,1;64,4;82,1;55,9
0709 Larvik;709;Larvik;3868;11509;4878;455;1495;193;3413;10014;4685;64,3;80,8;56,7;55,7;68,4;42,4;65,6;83;57,5
0711 Svelvik;711;Svelvik;606;1872;752;63;254;46;543;1618;706;66,5;82,5;56,6;60;77,4;54,8;67,4;83,3;56,7
0713 Sande (Vestf.);713;Sande (Vestf.);893;2603;951;98;323;48;795;2280;903;71,3;83,7;59,1;65,8;73,9;54,5;72,1;85,3;59,4
0714 Hof;714;Hof;258;919;354;23;93;15;235;826;339;70,9;83,5;58,7;67,6;78,2;65,2;71,2;84,2;58,4
0716 Re;716;Re (f.o.m. 2002);919;2723;990;82;313;37;837;2410;953;70,6;84,2;63,7;58,6;73,1;59,7;72,1;85,9;63,9
0719 Andebu;719;Andebu;657;1677;579;63;203;23;594;1474;556;74,7;81,3;61,7;67,7;75,7;48,9;75,6;82,2;62,3
0720 Stokke;720;Stokke;1235;3370;1254;241;426;55;994;2944;1199;67,3;83,3;62,2;61,6;70,4;50,5;68,9;85,5;62,9
0722 Nøtterøy;722;Nøtterøy;1821;5847;2442;206;710;117;1615;5137;2325;63,1;83,1;60,7;55,7;73,3;48,3;64,2;84,6;61,5
0723 Tjøme;723;Tjøme;417;1265;619;57;159;29;360;1106;590;62,3;79,9;55,3;59,4;74;60,4;62,8;80,8;55,1
0728 Lardal;728;Lardal;212;698;311;21;56;5;191;642;306;71,1;82,4;63;67,7;71,8;41,7;71,5;83,5;63,5
0805 Porsgrunn;805;Porsgrunn;3456;9678;3603;348;1098;179;3108;8580;3424;64,5;80,7;54,6;47,3;65,2;46;67,2;83,2;55,2
0806 Skien;806;Skien;5301;14206;5602;660;1900;325;4641;12306;5277;64,5;79,8;56,2;47;63,5;48,9;68,1;83,1;56,7
0807 Notodden;807;Notodden;1147;3195;1373;94;354;48;1053;2841;1325;61,9;79,5;57,4;39,3;68,2;52,2;65,2;81,1;57,6
0811 Siljan;811;Siljan;218;677;283;5;43; : ;213;634; : ;65,9;85,2;61,8;23,8;67,2; : ;68,7;86,7; : 
0814 Bamble;814;Bamble;1439;3671;1597;62;282;47;1377;3389;1550;65,9;81,1;53,3;34,8;61,7;47;68,6;83,3;53,5
0815 Kragerø;815;Kragerø;913;2657;1290;70;280;67;843;2377;1223;63;79;53,3;42,2;66,7;50;65,7;80,8;53,5
0817 Drangedal;817;Drangedal;357;1066;483;16;99;23;341;967;460;69,6;81,3;57,7;47,1;67,8;57,5;71,2;83;57,7
0819 Nome;819;Nome;539;1694;787;51;195;36;488;1499;751;62,5;79,5;56,9;42,9;65,9;52,9;65,6;81,7;57,1
0821 Bø (Telemark);821;Bø (Telem.);627;1486;591;77;148;16;550;1338;575;56,5;80,8;60,8;30,3;65,5;38,1;64,3;83;61,8
0822 Sauherad;822;Sauherad;416;1105;545;47;126;24;369;979;521;66;80;63,2;53,4;68,9;66,7;68,1;81,7;63
0826 Tinn;826;Tinn;507;1576;745;46;225;41;461;1351;704;69,4;83,5;57,9;41,4;75;55,4;74,4;85,1;58
0827 Hjartdal;827;Hjartdal;153;388;218; : ;21; : ; : ;367; : ;70,5;82,7;65,3; : ;60; : ; : ;84,6; : 
0828 Seljord;828;Seljord;257;775;388;29;79;12;228;696;376;67,6;83,2;61,9;61,7;72,5;75;68,5;84,6;61,5
0829 Kviteseid;829;Kviteseid;250;674;351;19;75;21;231;599;330;75,5;86,2;67,2;59,4;82,4;65,6;77,3;86,7;67,3
0830 Nissedal;830;Nissedal;151;391;219;10;43;12;141;348;207;75,1;84,8;70,6;66,7;79,6;66,7;75,8;85,5;70,9
0831 Fyresdal;831;Fyresdal;122;340;175;7;40;14;115;300;161;64,6;83,7;66,8;31,8;66,7;77,8;68,9;86,7;66
0833 Tokke;833;Tokke;215;613;311;14;44;15;201;569;296;72,9;90,1;65,5;73,7;84,6;62,5;72,8;90,6;65,6
0834 Vinje;834;Vinje;442;1071;503;37;120;10;405;951;493;78,8;88,7;69,3;60,7;78,9;47,6;81;90,1;69,9
0901 Risør;901;Risør;577;1705;819;48;173;26;529;1532;793;61;78,8;55,4;39,3;64,6;40,6;64,2;80,8;56,1
0904 Grimstad;904;Grimstad;2356;5859;2042;286;755;125;2070;5104;1917;64;81,2;56,9;51,8;69,3;52,7;66,1;83,3;57,2
0906 Arendal;906;Arendal;4189;11542;4629;551;1505;241;3638;10037;4388;64,4;78,2;56,5;56,4;64,7;48,7;65,8;80,7;57
0911 Gjerstad;911;Gjerstad;204;645;277;9;49;4;195;596;273;63,8;75,8;55,7;25,7;54,4; : ;68,4;78,3; : 
0912 Vegårshei;912;Vegårshei;180;542;195; : ;38; : ; : ;504; : ;67,4;80,7;58,9; : ;60,3; : ; : ;82,8; : 
0914 Tvedestrand;914;Tvedestrand;490;1524;667;47;174;26;443;1350;641;61,4;78,3;52,1;50;63,3;53,1;62,9;80,8;52
0919 Froland;919;Froland;598;1517;514;30;143;17;568;1374;497;71,3;79,5;60,3;49,2;72,2;58,6;73;80,4;60,3
0926 Lillesand;926;Lillesand;952;2792;1122;92;290;49;860;2502;1073;69;83,1;59,4;60,1;75,3;46,7;70,1;84,1;60,1
0928 Birkenes;928;Birkenes;555;1371;471;45;152;33;510;1219;438;72,5;83,6;58,9;49,5;74,1;66;75,7;85;58,4
0929 Åmli;929;Åmli;148;443;219;19;70;10;129;373;209;67;76,9;57,2;65,5;77,8;41,7;67,2;76,7;58,2
0935 Iveland;935;Iveland;174;345;133;8;41; : ;166;304; : ;74,7;79,1;61,3;61,5;73,2; : ;75,5;80; : 
0937 Evje og Hornnes;937;Evje og Hornnes;325;901;410;34;114;22;291;787;388;67,6;80,7;62,1;56,7;64;56,4;69,1;83,8;62,5
0938 Bygland;938;Bygland;102;291;192; : ;21;12; : ;270;180;69,9;79,3;64,4; : ;63,6;70,6; : ;80,8;64,1
0940 Valle;940;Valle;129;334;193;13;30;10;116;304;183;74,1;86,1;68;65;63,8;83,3;75,3;89,1;67,3
0941 Bykle;941;Bykle;96;313;129;20;65;9;76;248;120;61,9;92,1;75,9;57,1;83,3;81,8;63,3;94,7;75,5
1001 Kristiansand;1001;Kristiansand;10081;23823;8077;1379;3836;640;8702;19987;7437;66,6;81,2;60,5;53,8;67,5;50;69,3;84,6;61,6
1002 Mandal;1002;Mandal;1530;4015;1571;120;435;86;1410;3580;1485;67,5;79,8;57,3;42,9;61,4;52,4;71;82,8;57,6
1003 Farsund;1003;Farsund;976;2518;1040;38;226;58;938;2292;982;74,7;84,1;57,8;40,4;71,1;49,2;77,3;85,7;58,4
1004 Flekkefjord;1004;Flekkefjord;942;2412;996;73;345;52;869;2067;944;73,2;85,4;58,9;50,3;77,9;47,7;76,1;86,8;59,7
1014 Vennesla;1014;Vennesla;1639;3831;1202;126;389;59;1513;3442;1143;70,3;80,9;56,9;65,6;68,2;47,2;70,8;82,7;57,5
1017 Songdalen;1017;Songdalen;704;1755;537;76;280;29;628;1475;508;69,6;80;57,9;58,9;69,5;44,6;71,2;82,3;58,9
1018 Søgne;1018;Søgne;1092;3109;1095;60;311;52;1032;2798;1043;66,8;83,6;59,8;41,1;68,5;56,5;69,3;85,7;59,9
1021 Marnardal;1021;Marnardal;261;595;248;12;61;16;249;534;232;75,7;79,4;63,4;52,2;67;61,5;77,3;81,2;63,6
1026 Åseral;1026;Åseral;98;272;99;10;32; : ;88;240; : ;72,6;87,5;71,7;45,5;74,4; : ;77,9;89,6; : 
1027 Audnedal;1027;Audnedal;195;475;187;6;47;6;189;428;181;74,7;85,6;71,6;27,3;81;85,7;79,1;86,1;71,3
1029 Lindesnes;1029;Lindesnes;500;1216;529;48;162;38;452;1054;491;71,7;81,3;56,8;55,2;76,1;58,5;74,1;82,2;56,6
1032 Lyngdal;1032;Lyngdal;918;2141;792;112;271;31;806;1870;761;74,7;83,2;57,6;60,9;74,2;44,3;77,1;84,7;58,3
1034 Hægebostad;1034;Hægebostad;207;485;173;6;38;6;201;447;167;81,2;87,4;64,8;33,3;73,1;50;84,8;88,9;65,5
1037 Kvinesdal;1037;Kvinesdal;657;1622;539;41;158;25;616;1464;514;72;84,3;54,6;45,1;73,8;54,3;74,9;85,6;54,6
1046 Sirdal;1046;Sirdal;208;523;218;14;89;15;194;434;203;77,6;88,6;68,1;46,7;83,2;68,2;81,5;89,9;68,1
1101 Eigersund;1101;Eigersund;1762;4214;1599;149;678;69;1613;3536;1530;75,5;86;62,5;54,2;77,3;55,2;78,3;87,9;62,8
1102 Sandnes;1102;Sandnes;9374;22362;6449;1724;4916;555;7650;17446;5894;75,9;86,2;64,7;68,4;77,2;57,9;77,8;89,2;65,4
1103 Stavanger;1103;Stavanger;17123;40805;12412;3635;9642;1414;13488;31163;10998;73,2;85,4;64;67,9;75,1;61,3;74,8;89,1;64,4
1106 Haugesund;1106;Haugesund;4202;10349;3380;707;1978;233;3495;8371;3147;70;81,9;57,5;61,4;71,6;52,4;72,1;84,8;58
1111 Sokndal;1111;Sokndal;349;881;378;11;79;11;338;802;367;73,3;87,7;62,9;64,7;84;68,8;73,6;88,1;62,7
1112 Lund;1112;Lund;386;818;389;30;76;21;356;742;368;75,1;85,2;67,5;50,8;65;72,4;78,2;88;67,3
1114 Bjerkreim;1114;Bjerkreim;386;821;310;26;129;10;360;692;300;83;89,5;73,8;70,3;84,3;66,7;84,1;90,6;74,1
1119 Hå;1119;Hå;2584;5235;1758;365;951;86;2219;4284;1672;82,1;87,4;69,5;66,4;76,4;64,2;85,4;90,2;69,8
1120 Klepp;1120;Klepp;2467;5850;1593;313;958;72;2154;4892;1521;80,7;88,3;65,5;68,5;80,2;62,1;82,8;90,1;65,7
1121 Time;1121;Time;2444;5404;1835;243;684;66;2201;4720;1769;79;88,2;70,1;67,7;75,8;62,3;80,4;90,4;70,5
1122 Gjesdal;1122;Gjesdal;1644;3591;1033;184;529;56;1460;3062;977;80,5;89,2;70,9;70,5;81,3;65,1;82;90,7;71,2
1124 Sola;1124;Sola;3246;7937;2268;507;1603;195;2739;6334;2073;76,1;87,8;67;67,6;77,7;64,6;77,9;90,8;67,3
1127 Randaberg;1127;Randaberg;1258;3184;989;139;436;56;1119;2748;933;75,1;88,2;66,3;65,3;79,1;62,9;76,5;89,9;66,5
1129 Forsand;1129;Forsand;135;349;127;12;46;6;123;303;121;78,5;88,1;64,1;75;86,8;85,7;78,8;88,3;63,4
1130 Strand;1130;Strand;1452;3383;1198;119;407;64;1333;2976;1134;74,4;86,3;62,9;52;75,5;66,7;77,4;88,1;62,7
1133 Hjelmeland;1133;Hjelmeland;304;747;377;70;166;26;234;581;351;77,6;86,5;73,3;75,3;77,9;76,5;78,3;89,2;73,1
1134 Suldal;1134;Suldal;400;1067;498;45;140;13;355;927;485;77,2;89,3;67,3;65,2;83,3;44,8;79,1;90,3;68,2
1135 Sauda;1135;Sauda;496;1259;533;29;123;19;467;1136;514;71,7;85,6;61,1;56,9;74,5;67,9;72,9;87;60,9
1141 Finnøy;1141;Finnøy;382;839;455;82;167;24;300;672;431;82,2;91;79,1;88,2;88,4;72,7;80,6;91,7;79,5
1142 Rennesøy;1142;Rennesøy;615;1521;445;60;215;22;555;1306;423;81,6;90;69,6;58,8;79,3;64,7;85,1;92;69,9
1144 Kvitsøy;1144;Kvitsøy;60;158;51;8;16; : ;52;142; : ;77,9;93,5;63,8;80;80; : ;77,6;95,3; : 
1145 Bokn;1145;Bokn;97;243;86;9;38; : ;88;205; : ;77,6;88,4;58,5;64,3;84,4; : ;79,3;89,1; : 
1146 Tysvær;1146;Tysvær;1217;3070;1000;88;285;27;1129;2785;973;76;87,7;60,1;56,4;72,2;54;78,1;89,7;60,3
1149 Karmøy;1149;Karmøy;4714;11650;3788;360;1305;192;4354;10345;3596;72,5;83;55,9;57,2;70,6;54,9;74,1;84,8;55,9
1151 Utsira;1151;Utsira;19;65;32; : ;8; : ; : ;57; : ;73,1;94,2;71,1; : ;88,9; : ; : ;95; : 
1160 Vindafjord;1160;Vindafjord;1042;2411;982;148;391;40;894;2020;942;76,6;86,4;68,8;64,3;73,2;62,5;79,1;89,5;69,1
1201 Bergen;1201;Bergen;36881;79619;25667;5160;14149;1749;31721;65470;23918;71;83,6;63,1;57,4;72,2;57,5;73,9;86,6;63,5
1211 Etne;1211;Etne;448;1153;480;63;185;14;385;968;466;78,2;89;66,6;70,8;83,3;60,9;79,5;90,2;66,8
1216 Sveio;1216;Sveio;585;1497;633;38;189;18;547;1308;615;74,5;85,9;62,8;55,9;76,2;45;76,3;87,5;63,5
1219 Bømlo;1219;Bømlo;1321;3185;1234;126;388;53;1195;2797;1181;73,4;85,2;63,4;61,8;70,5;67,1;74,9;87,8;63,3
1221 Stord;1221;Stord;2292;5234;1865;187;688;91;2105;4546;1774;75,5;85,4;63,5;61,3;71,6;47,6;77,1;88;64,6
1222 Fitjar;1222;Fitjar;333;838;378;17;81;14;316;757;364;79,1;88,3;64,4;63;84,4;56;80,2;88,7;64,8
1223 Tysnes;1223;Tysnes;282;672;348;22;88;13;260;584;335;73,6;87,3;58,7;59,5;81,5;59,1;75,1;88,2;58,7
1224 Kvinnherad;1224;Kvinnherad;1258;3501;1507;73;347;39;1185;3154;1468;70,5;85,1;61,1;52,1;74;52;72;86,5;61,4
1227 Jondal;1227;Jondal;128;246;147;12;27; : ;116;219; : ;76,6;85,4;58,1;66,7;79,4; : ;77,9;86,2; : 
1228 Odda;1228;Odda;666;1853;825;74;248;36;592;1605;789;66,3;85,2;60,9;58,3;79;67,9;67,4;86,2;60,6
1231 Ullensvang;1231;Ullensvang;281;954;421;31;120;13;250;834;408;68,9;88,6;67;57,4;72,7;59,1;70,6;91,4;67,3
1232 Eidfjord;1232;Eidfjord;115;272;130;8;38; : ;107;234; : ;79,3;89,2;70,7;80;71,7; : ;79,3;92,9; : 
1233 Ulvik;1233;Ulvik;99;286;154;10;51;9;89;235;145;70,2;88;67;47,6;86,4;64,3;74,2;88,3;67,1
1234 Granvin;1234;Granvin;110;226;123;7;23;4;103;203;119;73,3;89;63,7;63,6;82,1;50;74,1;89,8;64,3
1235 Voss;1235;Voss;1573;3756;1802;122;318;55;1451;3438;1747;74,7;87,1;67,8;56;70,8;59,8;76,8;89;68,1
1238 Kvam;1238;Kvam;925;2178;1048;108;299;34;817;1879;1014;70,5;85,2;64,3;56;69,4;51,5;73;88,4;64,8
1241 Fusa;1241;Fusa;358;1030;502;32;100;15;326;930;487;74;87,7;68,7;68,1;78,7;57,7;74,6;88,7;69,1
1242 Samnanger;1242;Samnanger;247;655;300;13;64;7;234;591;293;75,1;84,7;58,8;52;74,4;58,3;77;86;58,8
1243 Os (Hord.);1243;Os (Hord.);2165;5441;1951;257;738;52;1908;4703;1899;75,5;86,1;63,4;67,5;74,5;48,6;76,7;88,2;63,9
1244 Austevoll;1244;Austevoll;623;1371;572;90;237;20;533;1134;552;80,2;87,5;68,6;75,6;80,6;71,4;81;89,1;68,5
1245 Sund;1245;Sund;754;1843;716;81;249;33;673;1594;683;74,7;84,8;61,7;58,7;77,1;57,9;77,2;86,1;61,9
1246 Fjell;1246;Fjell;2789;7344;2131;212;837;93;2577;6507;2038;73,7;86,2;60,8;60,6;76,4;60,8;75,1;87,7;60,8
1247 Askøy;1247;Askøy;2902;8368;2474;215;861;85;2687;7507;2389;75,3;86,4;58,5;58,1;75,5;49,4;77,1;87,9;58,9
1251 Vaksdal;1251;Vaksdal;439;1039;439;35;101;9;404;938;430;73,5;83,5;58,4;61,4;71,1;40,9;74,8;85,1;58,9
1252 Modalen;1252;Modalen;27;107;45; : ;12; : ; : ;95; : ;50,9;87;72,6; : ;85,7; : ; : ;87,2; : 
1253 Osterøy;1253;Osterøy;901;2140;811;80;241;18;821;1899;793;75,7;86,4;59,4;65;74,8;56,3;76,9;88,2;59,4
1256 Meland;1256;Meland;853;2191;745;72;247;12;781;1944;733;72,7;86,1;63,2;57,6;79,2;44,4;74,5;87;63,7
1259 Øygarden;1259;Øygarden;511;1301;470;38;176;24;473;1125;446;71,5;84;57;45,8;76,5;63,2;74,8;85,3;56,7
1260 Radøy;1260;Radøy;526;1403;550;51;220;15;475;1183;535;75;83,6;59,5;67,1;75,9;60;76;85,2;59,4
1263 Lindås;1263;Lindås;1582;4176;1731;151;423;50;1431;3753;1681;73,4;85,2;62,5;64,3;74;64,1;74,5;86,7;62,4
1264 Austrheim;1264;Austrheim;276;827;321;36;163;12;240;664;309;72,1;87,4;58,6;63,2;79,1;66,7;73,6;89,7;58,3
1265 Fedje;1265;Fedje;35;144;76; : ;14; : ; : ;130; : ;66;90;62,3; : ;82,4; : ; : ;90,9; : 
1266 Masfjorden;1266;Masfjorden;185;417;248;5;25;9;180;392;239;77,4;91;71,9;71,4;80,6;81,8;77,6;91,8;71,6
1401 Flora;1401;Flora;1289;3283;1336;128;458;74;1161;2825;1262;70,2;84,9;65,7;48,1;69,5;74,7;73,9;88,1;65,3
1411 Gulen;1411;Gulen;262;631;308;27;87;7;235;544;301;78,9;90;67,1;73;83,7;58,3;79,7;91,1;67,3
1412 Solund;1412;Solund;71;226;118;6;41;4;65;185;114;76,3;88,3;62,8;54,5;87,2;50;79,3;88,5;63,3
1413 Hyllestad;1413;Hyllestad;125;394;185; : ;73;13; : ;321;172;80,6;89,3;64,9; : ;83;81,3; : ;90,9;63,9
1416 Høyanger;1416;Høyanger;385;1117;460;28;140;18;357;977;442;68,9;85;58,6;62,2;75,7;78,3;69,5;86,5;58
1417 Vik;1417;Vik;295;698;405;33;98;7;262;600;398;81,5;91,6;73,8;70,2;83,1;53,8;83,2;93,2;74,3
1418 Balestrand;1418;Balestrand;129;336;210;27;83;10;102;253;200;66,8;84,6;75,3;84,4;83;71,4;63,4;85,2;75,5
1419 Leikanger;1419;Leikanger;225;647;309;14;54;7;211;593;302;69,2;91,5;70,7;63,6;80,6;87,5;69,6;92,7;70,4
1420 Sogndal;1420;Sogndal;1026;2182;872;101;217;31;925;1965;841;71;88,5;70,4;49;65,4;77,5;74,7;92,1;70,2
1421 Aurland;1421;Aurland;195;467;211;18;69;8;177;398;203;72,8;84,9;62,6;75;78,4;57,1;72,5;86,1;62,8
1422 Lærdal;1422;Lærdal;198;594;293;7;66;21;191;528;272;66,7;88,5;64,1;46,7;84,6;84;67,7;89;63
1424 Årdal;1424;Årdal;501;1545;518;38;208;29;463;1337;489;66,5;85,2;51,4;37,6;76,2;56,9;71;86,8;51,1
1426 Luster;1426;Luster;575;1378;659;39;126;16;536;1252;643;77;89,7;70,6;67,2;81,3;64;77,8;90,6;70,7
1428 Askvoll;1428;Askvoll;282;728;421;10;65;10;272;663;411;74,4;87,2;65,4;52,6;73,9;45,5;75,6;88,8;66,1
1429 Fjaler;1429;Fjaler;259;666;391;13;71;17;246;595;374;55,7;87,9;71;9,5;78;73,9;75;89,2;70,8
1430 Gaular;1430;Gaular;313;793;413;23;90;9;290;703;404;74,9;89,6;72,3;71,9;84,1;64,3;75,1;90,4;72,5
1431 Jølster;1431;Jølster;346;850;366;37;77; : ;309;773; : ;77,9;88,4;70,8;51,4;64,2; : ;83,1;91,9; : 
1432 Førde;1432;Førde;1660;3841;1436;165;401;56;1495;3440;1380;74,6;89,4;73;59,6;77,6;68,3;76,8;91;73,2
1433 Naustdal;1433;Naustdal;306;770;367;15;68;12;291;702;355;74,6;90;72,1;71,4;86,1;70,6;74,8;90,3;72,2
1438 Bremanger;1438;Bremanger;347;1019;436;47;200;25;300;819;411;67,4;86,3;60,2;43,1;76;62,5;73,9;89,2;60,1
1439 Vågsøy;1439;Vågsøy;621;1584;714;79;254;35;542;1330;679;68,4;86,3;61,1;59,4;77,4;64,8;69,9;88,2;60,9
1441 Selje;1441;Selje;278;706;403;16;69;19;262;637;384;74,5;86,4;66,8;66,7;77,5;79,2;75,1;87,5;66,3
1443 Eid;1443;Eid;618;1678;740;44;160;22;574;1518;718;70,7;89,3;69,6;51,2;79,2;53,7;72,8;90,5;70,3
1444 Hornindal;1444;Hornindal;151;336;160;10;38;5;141;298;155;82,1;92,6;78,8;71,4;92,7;83,3;82,9;92,5;78,7
1445 Gloppen;1445;Gloppen;613;1529;786;57;140;16;556;1389;770;76;91,6;70;72,2;81,9;64;76,4;92,7;70,1
1449 Stryn;1449;Stryn;756;2042;872;133;429;48;623;1613;824;73,6;88,7;70,2;64,9;78;62,3;75,8;92;70,7
1502 Molde;1502;Molde;2882;7350;3177;358;952;109;2524;6398;3068;69,2;86,3;65;57,9;75,8;59,2;71,2;88,1;65,2
1504 Ålesund;1504;Ålesund;5543;13385;4895;890;1992;213;4653;11393;4682;71,3;85,9;64,3;64,4;75;62,5;72,7;88,1;64,4
1505 Kristiansund;1505;Kristiansund;2652;6580;2679;351;912;95;2301;5668;2584;68,7;82,2;56,4;59,5;70,7;54,9;70,3;84,4;56,4
1511 Vanylven;1511;Vanylven;285;799;481;22;77;7;263;722;474;69,2;84,9;63,4;71;76,2;46,7;69;86;63,7
1514 Sande (M. og R.);1514;Sande (M. og R.);256;740;332;52;193;27;204;547;305;70,3;87,6;65,9;72,2;85,4;73;69,9;88,4;65,3
1515 Herøy (M. og R.);1515;Herøy (M. og R.);915;2478;947;147;370;35;768;2108;912;72,6;85,9;60;73,5;78,2;64,8;72,5;87,4;59,8
1516 Ulstein;1516;Ulstein;836;2556;839;111;591;60;725;1965;779;70,8;88,1;66,6;56,6;80,7;67,4;73,6;90,6;66,5
1517 Hareid;1517;Hareid;545;1388;559;90;305;28;455;1083;531;68,4;84,7;66,2;67,2;76,6;63,6;68,6;87,3;66,4
1519 Volda;1519;Volda;996;2312;1038;96;220;33;900;2092;1005;62,4;85,7;66,1;40;66,5;62,3;66,4;88,3;66,2
1520 Ørsta;1520;Ørsta;1164;2838;1210;97;269;30;1067;2569;1180;73,1;86,5;63,4;61,4;74,3;57,7;74,4;88;63,5
1523 Ørskog;1523;Ørskog;233;620;323;29;120;18;204;500;305;73,5;86;66,7;54,7;73,6;54,5;77,3;89,6;67,6
1524 Norddal;1524;Norddal;156;442;250;14;73;9;142;369;241;76,5;89,7;76;93,3;88;64,3;75,1;90;76,5
1525 Stranda;1525;Stranda;525;1311;562;146;260;31;379;1051;531;74,9;90,9;70;78,5;84,7;83,8;73,6;92,5;69,3
1526 Stordal;1526;Stordal;79;296;115;17;67;5;62;229;110;62,2;85,1;70,1;63;80,7;55,6;62;86,4;71
1528 Sykkylven;1528;Sykkylven;751;2221;1019;119;333;49;632;1888;970;70,7;87,9;71,4;64,3;75,5;66,2;72,1;90,6;71,7
1529 Skodje;1529;Skodje;495;1274;478;60;146;9;435;1128;469;73,8;86,8;63,9;74,1;75,3;39,1;73,7;88,6;64,7
1531 Sula;1531;Sula;959;2491;948;111;371;32;848;2120;916;75,7;88,4;66,1;76;80,5;55,2;75,6;89,9;66,6
1532 Giske;1532;Giske;883;2213;861;88;295;35;795;1918;826;75,5;88,7;67,3;61,5;77,2;61,4;77,5;90,8;67,6
1534 Haram;1534;Haram;912;2505;1124;126;497;67;786;2008;1057;73;86,4;66,4;63,3;77,3;65;74,9;89;66,5
1535 Vestnes;1535;Vestnes;690;1792;820;74;313;38;616;1479;782;69;84,6;61,1;58,3;79,4;65,5;70,6;85,7;61
1539 Rauma;1539;Rauma;757;2005;946;69;237;31;688;1768;915;74,7;87,1;64,2;75,8;87,5;64,6;74,5;87;64,2
1543 Nesset;1543;Nesset;345;798;378;12;71;10;333;727;368;75,7;86,6;64,5;75;75,5;66,7;75,7;87,9;64,4
1545 Midsund;1545;Midsund;188;549;234;29;109;11;159;440;223;76,7;88;65,2;70,7;83,8;78,6;77,9;89,1;64,6
1546 Sandøy;1546;Sandøy;110;343;202;25;68;9;85;275;193;73,8;90;74,3;71,4;82,9;81,8;74,6;92;73,9
1547 Aukra;1547;Aukra;347;905;394;40;139;21;307;766;373;74,3;86,9;64,3;69;80,3;77,8;75,1;88,1;63,7
1548 Fræna;1548;Fræna;1112;2682;1112;91;287;33;1021;2395;1079;74,7;85,3;63,1;62,8;71,6;51,6;76;87,3;63,6
1551 Eide;1551;Eide;357;945;433;22;87;16;335;858;417;72;87,9;68,4;47,8;74,4;69,6;74,4;89,6;68,4
1554 Averøy;1554;Averøy;574;1549;742;52;209;31;522;1340;711;74,4;85,3;65,4;76,5;80,7;79,5;74,1;86,1;64,9
1557 Gjemnes;1557;Gjemnes;233;697;381;26;66;7;207;631;374;70,8;88,5;67,4;48,1;78,6;70;75,3;89,6;67,4
1560 Tingvoll;1560;Tingvoll;267;799;379;18;105;13;249;694;366;69,2;84,6;59,1;40;75,5;68,4;73;86,1;58,8
1563 Sunndal;1563;Sunndal;614;1938;826;42;154;16;572;1784;810;59,2;85,5;59;28,4;61,6;40;64,3;88,5;59,6
1566 Surnadal;1566;Surnadal;611;1620;721;23;91;14;588;1529;707;74,3;88,4;60,1;52,3;74,6;48,3;75,6;89,4;60,4
1567 Rindal;1567;Rindal;226;550;241;6;11; : ;220;539; : ;77,7;92,4;64,8;75;84,6; : ;77,7;92,6; : 
1571 Halsa;1571;Halsa;156;372;241;13;23;5;143;349;236;80;84,5;64,1;86,7;65,7;50;79,4;86,2;64,5
1573 Smøla;1573;Smøla;221;549;290;17;77;10;204;472;280;79,8;85,5;59,8;77,3;80,2;55,6;80;86,4;60
1576 Aure;1576;Aure;289;969;472;24;144;12;265;825;460;66,9;84,5;62,4;54,5;77;57,1;68,3;85,9;62,6
1601 Trondheim;1601;Trondheim;25371;53007;17409;3233;7254;913;22138;45753;16496;68,1;84,5;62,1;53,6;71,1;54,4;70,9;87,1;62,6
1612 Hemne;1612;Hemne;447;1095;494;22;73;14;425;1022;480;70,6;85,6;59,6;36,1;68,9;58,3;74,3;87,1;59,6
1613 Snillfjord;1613;Snillfjord;108;264;127;0;24; : ;108;240; : ;81,2;87,1;62,9;0;82,8; : ;82,4;87,6; : 
1617 Hitra;1617;Hitra;509;1268;444;153;324;36;356;944;408;74,4;83,3;51,6;72,5;78,8;67,9;75,3;85;50,5
1620 Frøya;1620;Frøya;543;1316;416;192;342;28;351;974;388;77,6;85,2;54,1;83,1;84,9;77,8;74,8;85,3;52,9
1621 Ørland;1621;Ørland;626;1398;536;23;115;9;603;1283;527;74;83,7;59,8;54,8;76,2;45;75;84,5;60,1
1622 Agdenes;1622;Agdenes;182;443;218;13;43;8;169;400;210;75,5;85,9;64,5;54,2;72,9;57,1;77,9;87,5;64,8
1624 Rissa;1624;Rissa;622;1813;714;47;213;22;575;1600;692;68;84;58,1;49,5;72;48,9;70,1;85,9;58,4
1627 Bjugn;1627;Bjugn;458;1128;546;25;103;11;433;1025;535;72,9;81,2;56,3;65,8;78;55;73,4;81,5;56,4
1630 Åfjord;1630;Åfjord;337;863;410;13;42; : ;324;821; : ;76,8;88,7;64;68,4;85,7; : ;77,1;88,9; : 
1632 Roan;1632;Roan;100;242;146;4;33;4;96;209;142;77,5;87,1;60,6;57,1;86,8;80;78,7;87,1;60,2
1633 Osen;1633;Osen;82;251;134; : ;15; : ; : ;236; : ;71,3;90,3;56,3; : ;71,4; : ; : ;91,8; : 
1634 Oppdal;1634;Oppdal;699;1842;798;71;171;23;628;1671;775;71,9;86,1;60,7;60,2;71;59;73,5;88;60,8
1635 Rennebu;1635;Rennebu;264;633;362;11;38;7;253;595;355;74,4;86,7;64,9;61,1;74,5;100;75,1;87,6;64,4
1636 Meldal;1636;Meldal;413;967;444;28;79;4;385;888;440;73,8;80,4;56,6;57,1;77,5; : ;75,3;80,7; : 
1638 Orkdal;1638;Orkdal;1192;3184;1323;85;245;37;1107;2939;1286;72,9;84;59,7;53,5;69,4;52,9;75;85,5;59,9
1640 Røros;1640;Røros;568;1524;791;58;134;27;510;1390;764;76,3;88,1;65,4;77,3;78,8;60;76,2;89,1;65,6
1644 Holtålen;1644;Holtålen;214;501;262;9;36;4;205;465;258;82,6;85,9;58,9;81,8;73,5;50;82,7;87,1;59
1648 Midtre Gauldal;1648;Midtre Gauldal;810;1826;667;141;345;22;669;1481;645;78,9;86,3;63,6;70,5;84,4;71;80,9;86,8;63,4
1653 Melhus;1653;Melhus;1771;4678;1600;120;357;31;1651;4321;1569;75,1;86,4;63,3;56,3;72;56,4;77;87,9;63,5
1657 Skaun;1657;Skaun;769;2271;716;43;126;17;726;2145;699;75;87,6;61,9;55,8;78,8;70,8;76,5;88,2;61,7
1662 Klæbu;1662;Klæbu;631;1906;515;54;154;15;577;1752;500;71;88,1;61,8;63,5;74,8;60;71,8;89,5;61,8
1663 Malvik;1663;Malvik;1246;4283;1249;110;430;46;1136;3853;1203;67,6;86,8;60,8;58,8;77,5;60,5;68,6;88;60,8
1664 Selbu;1664;Selbu;425;1105;486;17;71;11;408;1034;475;76,4;87,8;62,5;48,6;76,3;52,4;78,3;88,7;62,7
1665 Tydal;1665;Tydal;107;224;122;7;14; : ;100;210; : ;77,5;91,1;75,8;87,5;93,3; : ;76,9;90,9; : 
1702 Steinkjer;1702;Steinkjer;2201;5592;2431;133;392;53;2068;5200;2378;67,5;84,1;59,2;40,7;64,4;51;70,5;86;59,5
1703 Namsos;1703;Namsos;1413;3463;1433;81;267;47;1332;3196;1386;67,7;85,3;61,4;38,2;68,1;65,3;71;87,1;61,2
1711 Meråker;1711;Meråker;213;611;279;20;57;8;193;554;271;58,8;78,6;53,7;32,8;54,8;40;64,1;82,3;54,2
1714 Stjørdal;1714;Stjørdal;2352;6463;2365;134;520;68;2218;5943;2297;72;85,5;60,9;46,4;72,4;51,1;74,5;86,9;61,3
1717 Frosta;1717;Frosta;254;678;273;35;64; : ;219;614; : ;67,7;83,8;57,7;68,6;74,4; : ;67,6;84,9; : 
1718 Leksvik;1718;Leksvik;297;938;432;19;87;9;278;851;423;67,3;85,8;57,1;61,3;76,3;52,9;67,8;86,9;57,2
1719 Levanger;1719;Levanger;2163;5264;2155;188;456;63;1975;4808;2092;70;86,8;61,6;59,9;74,6;55,8;71,2;88,1;61,8
1721 Verdal;1721;Verdal;1534;4000;1577;86;366;37;1448;3634;1540;70,5;83,1;55;51,2;68,4;48,7;72,1;85;55,1
1724 Verran;1724;Verran;215;615;230;16;90;12;199;525;218;63,8;72,6;47,1;45,7;50,6;52,2;65,9;78,5;46,9
1725 Namdalseid;1725;Namdalseid;182;404;226;6;32;4;176;372;222;78,1;85,6;62,3; : ;84,2;57,1; : ;85,7;62,4
1736 Snåsa;1736;Snåsa;240;561;275;6;26;8;234;535;267;74,8;89,9;66,6;100;78,8;61,5;74,3;90,5;66,8
1738 Lierne;1738;Lierne;136;361;233;13;32;9;123;329;224;80,5;90,7;73,7;76,5;91,4;64,3;80,9;90,6;74,2
1739 Røyrvik;1739;Røyrvik;51;119;78;5;11;5;46;108;73;76,1;89,5;72,2;83,3;84,6;83,3;75,4;90;71,6
1740 Namsskogan;1740;Namsskogan;67;226;122; : ;16;5; : ;210;117;70,5;83,7;61,6; : ;80;71,4; : ;84;61,3
1742 Grong;1742;Grong;227;583;331;30;44;10;197;539;321;58,7;82,9;68,5;31,6;51,2;55,6;67,5;87,4;69
1743 Høylandet;1743;Høylandet;114;322;195;5;20;4;109;302;191;76,5;92,5;74,1;55,6;87;100;77,9;92,9;73,7
1744 Overhalla;1744;Overhalla;411;1016;470;31;59;6;380;957;464;71,5;88,3;69,6;50,8;72,8;54,5;73,9;89,5;69,9
1748 Fosnes;1748;Fosnes;54;155;82; : ;21; : ; : ;134; : ;62,8;82,9;60,3; : ;77,8; : ; : ;83,8; : 
1749 Flatanger;1749;Flatanger;112;286;169;9;37; : ;103;249; : ;67,9;87,2;68,1;40,9;86; : ;72;87,4; : 
1750 Vikna;1750;Vikna;486;1223;459;49;124;12;437;1099;447;74,3;88,1;64;63,6;75,6;60;75,7;89,8;64,1
1751 Nærøy;1751;Nærøy;548;1335;545;32;110;17;516;1225;528;72,7;85,1;57,6;55,2;70,1;58,6;74,1;86,8;57,6
1755 Leka;1755;Leka;50;122;91;0;17;4;50;105;87;71,4;89,1;61,5;0;89,5;66,7;72,5;89;61,3
1756 Inderøy (f.o.m. 2012);1756;Inderøy (f.o.m. 2012);671;1766;834;31;92;23;640;1674;811;69,2;86,8;61,2;48,4;68,7;69,7;70,7;88,1;61
1804 Bodø;1804;Bodø;6131;14958;5093;597;1325;158;5534;13633;4935;71,4;86,5;62,7;54,9;70,2;53,7;73,8;88,5;63,1
1805 Narvik;1805;Narvik;2127;4849;1915;275;594;105;1852;4255;1810;67,8;82,5;54,7;51,6;70,4;66,5;71,1;84,6;54,2
1811 Bindal;1811;Bindal;119;327;194;5;13; : ;114;314; : ;64,7;83,4;51,1;45,5;59,1; : ;65,9;84,9; : 
1812 Sømna;1812;Sømna;186;553;248;9;38; : ;177;515; : ;65,7;84,9;61,8;36;71,7; : ;68,6;86,1; : 
1813 Brønnøy;1813;Brønnøy;783;2210;842;52;162;19;731;2048;823;66,5;84,6;60,8;50,5;65,1;57,6;68;86,7;60,9
1815 Vega;1815;Vega;109;306;166; : ;22;0; : ;284;166;72,7;81,8;63,4; : ;71;0; : ;82,8;63,8
1816 Vevelstad;1816;Vevelstad;41;132;72; : ;16; : ; : ;116; : ;82;86,3;56,3; : ;84,2; : ; : ;86,6; : 
1818 Herøy (Nordl.);1818;Herøy (Nordl.);196;412;198;43;62;9;153;350;189;68,8;79,7;54,8;58,9;68,1;69,2;72,2;82,2;54,3
1820 Alstahaug;1820;Alstahaug;790;1951;868;93;186;44;697;1765;824;69,1;83,5;58,5;58,1;62,8;63,8;70,8;86,5;58,3
1822 Leirfjord;1822;Leirfjord;243;540;264;20;37;8;223;503;256;72,5;79,9;60,4;46,5;48,7;61,5;76,4;83,8;60,4
1824 Vefsn;1824;Vefsn;1387;3634;1462;73;261;31;1314;3373;1431;69,9;85,7;57,8;47,7;72,3;50,8;71,7;87;58
1825 Grane;1825;Grane;138;380;171;18;28; : ;120;352; : ;76,2;85,4;57;81,8;87,5; : ;75,5;85,2; : 
1826 Hattfjelldal;1826;Hattfjelldal;119;377;187;8;24;10;111;353;177;57,2;85,1;62,1;16,3;50;62,5;69,8;89,4;62,1
1827 Dønna;1827;Dønna;142;331;175;13;27;7;129;304;168;74;81,9;54,7;76,5;79,4;63,6;73,7;82,2;54,4
1828 Nesna;1828;Nesna;183;468;186;18;73;6;165;395;180;54,8;76,6;59;21,4;58,4;60;66;81,3;59
1832 Hemnes;1832;Hemnes;498;1161;426;19;80;16;479;1081;410;74,2;83,3;49,1;48,7;71,4;57,1;75,8;84,3;48,8
1833 Rana;1833;Rana;2841;7116;2539;181;478;74;2660;6638;2465;71,6;84;53,9;55,9;67,6;57,8;73;85,5;53,8
1834 Lurøy;1834;Lurøy;199;475;209;24;43;5;175;432;204;76;86,4;56,2;77,4;87,8;55,6;75,8;86,2;56,2
1835 Træna;1835;Træna;51;149;48;16;48; : ;35;101; : ;66,2;93,1;60;72,7;98; : ;63,6;91; : 
1836 Rødøy;1836;Rødøy;143;305;166;8;28; : ;135;277; : ;78,6;85;63,1;80;84,8; : ;78,5;85; : 
1837 Meløy;1837;Meløy;641;1652;728;51;133;24;590;1519;704;67,9;82,7;59,3;61,4;71,5;64,9;68,5;83,9;59,2
1838 Gildeskål;1838;Gildeskål;170;502;265;23;82;5;147;420;260;65,1;82,4;58,4;53,5;80,4;55,6;67,4;82,8;58,4
1839 Beiarn;1839;Beiarn;95;254;151; : ;14; : ; : ;240; : ;74,8;82,7;56,3; : ;77,8; : ; : ;83; : 
1840 Saltdal;1840;Saltdal;434;1211;573;24;95;22;410;1116;551;64,7;83,1;54,8;27,3;62,5;59,5;70,3;85,5;54,7
1841 Fauske;1841;Fauske;935;2487;1132;59;170;25;876;2317;1107;69,7;82,4;57,2;62,1;66,9;53,2;70,3;83,8;57,3
1845 Sørfold;1845;Sørfold;189;475;216;14;37;4;175;438;212;74,4;83;46,3;63,6;78,7;66,7;75,4;83,4;46
1848 Steigen;1848;Steigen;241;596;361;12;60;13;229;536;348;65,8;81,2;60,2;33,3;61,2;81,3;69,4;84,3;59,6
1849 Hamarøy;1849;Hamarøy;198;410;239;34;67;14;164;343;225;65,6;83,5;58;55,7;77;73,7;68;84,9;57,3
1850 Tysfjord;1850;Tysfjord;178;481;225;9;58;7;169;423;218;65,9;79;48;42,9;79,5;58,3;67,9;78,9;47,7
1851 Lødingen;1851;Lødingen;186;484;295;29;66;10;157;418;285;55,9;77,9;58,5;32,6;57,4;58,8;64,3;82,6;58,5
1852 Tjeldsund;1852;Tjeldsund;97;287;172;5;19; : ;92;268; : ;68,3;79,3;56;62,5;67,9; : ;68,7;80,2; : 
1853 Evenes;1853;Evenes;103;290;175;14;21;6;89;269;169;67,3;75,7;50,4;50;52,5;50;71,2;78,4;50,4
1854 Ballangen;1854;Ballangen;226;581;280;14;51;10;212;530;270;69,1;77,3;48;43,8;67,1;55,6;71,9;78,4;47,8
1856 Røst;1856;Røst;54;171;63; : ;15; : ; : ;156; : ;71,1;85,1;58,9; : ;68,2; : ; : ;87,2; : 
1857 Værøy;1857;Værøy;85;220;87;23;51;5;62;169;82;80,2;83,7;63;76,7;87,9;71,4;81,6;82,4;62,6
1859 Flakstad;1859;Flakstad;139;315;147;5;30;10;134;285;137;70,2;78,9;56,3;33,3;73,2;83,3;73,2;79,6;55
1860 Vestvågøy;1860;Vestvågøy;1196;2794;1209;98;247;42;1098;2547;1167;69,9;82,8;59;48;67,3;59,2;72,9;84,7;59
1865 Vågan;1865;Vågan;916;2435;1115;129;342;50;787;2093;1065;67,8;82,2;61,1;54,7;69,1;63,3;70,6;84,8;61
1866 Hadsel;1866;Hadsel;800;2030;918;89;236;31;711;1794;887;67,1;81,3;56,1;50,9;69;68,9;69,8;83,3;55,8
1867 Bø (Nordl.);1867;Bø (Nordl.);185;590;296;15;49;9;170;541;287;67,3;76,5;53,5;53,6;57,6;50;68,8;78,9;53,6
1868 Øksnes;1868;Øksnes;449;1199;480;55;160;15;394;1039;465;65,1;80,9;55,4;49,5;72,7;48,4;68;82,3;55,6
1870 Sortland;1870;Sortland;1065;2741;1081;79;230;27;986;2511;1054;68,1;83;59;49,1;72,1;55,1;70,3;84,2;59,1
1871 Andøy;1871;Andøy;489;1218;538;35;130;13;454;1088;525;72;81,4;53,4;50;66,7;43,3;74,5;83,6;53,7
1874 Moskenes;1874;Moskenes;100;293;132;25;73;10;75;220;122;75,2;82,1;60,6;71,4;82;66,7;76,5;82,1;60,1
1902 Tromsø;1902;Tromsø;9466;22051;7175;1201;3024;406;8265;19027;6769;71,4;84,6;64,6;59,2;75,8;65,7;73,6;86,2;64,6
1903 Harstad;1903;Harstad;2644;6629;2725;243;646;84;2401;5983;2641;68;83,5;58,7;51,4;69,5;51,5;70,3;85,4;59
1911 Kvæfjord;1911;Kvæfjord;302;716;368;15;84;10;287;632;358;62,7;78,9;57;19,5;63,6;45,5;70,9;81,5;57,4
1913 Skånland;1913;Skånland;255;722;378;14;84;10;241;638;368;68,9;80,2;56;36,8;71,8;62,5;72,6;81,5;55,8
1917 Ibestad;1917;Ibestad;135;316;179;27;31;6;108;285;173;71,8;85,2;53,1;81,8;73,8;85,7;69,7;86,6;52,4
1919 Gratangen;1919;Gratangen;112;277;123;22;58;8;90;219;115;70,9;80,5;52,6;88;79,5;61,5;67,7;80,8;52
1920 Lavangen;1920;Lavangen;86;234;102;4;13; : ;82;221; : ;66,7;78,8;53,7;57,1;81,3; : ;67,2;78,6; : 
1922 Bardu;1922;Bardu;564;1063;429;30;81;8;534;982;421;78,8;87,6;60,2;42,3;66,4;38,1;82,8;90;60,8
1923 Salangen;1923;Salangen;182;577;263;33;39;8;149;538;255;53,5;83,5;59;35,1;66,1;72,7;60,6;85,1;58,6
1924 Målselv;1924;Målselv;918;1733;756;48;118;26;870;1615;730;78,1;85;62,6;48,5;73,8;63,4;80,9;86;62,6
1925 Sørreisa;1925;Sørreisa;347;929;384;22;96;12;325;833;372;72,3;84,4;58,6;64,7;79,3;54,5;72,9;85;58,8
1926 Dyrøy;1926;Dyrøy;99;278;137; : ;18;4; : ;260;133;68,3;83,5;48,9; : ;90; : ; : ;83,1; : 
1927 Tranøy;1927;Tranøy;124;328;179;10;31;8;114;297;171;74,3;77,4;52,6;55,6;63,3;61,5;76,5;79,2;52,3
1928 Torsken;1928;Torsken;96;203;101;12;33;7;84;170;94;78;81,2;50,8;75;78,6;70;78,5;81,7;49,7
1929 Berg;1929;Berg;114;220;106;31;35;4;83;185;102;72,6;81,5;55,2;73,8;70;100;72,2;84,1;54,3
1931 Lenvik;1931;Lenvik;1233;3070;1088;109;267;30;1124;2803;1058;73,6;83,9;52,6;52,4;70,8;54,5;76,6;85,4;52,5
1933 Balsfjord;1933;Balsfjord;587;1409;617;44;111;21;543;1298;596;76,3;81,9;56,1;75,9;74,5;53,8;76,4;82,6;56,2
1936 Karlsøy;1936;Karlsøy;247;549;313;36;86;9;211;463;304;76;78;60,4;70,6;73,5;60;77;78,9;60,4
1938 Lyngen;1938;Lyngen;297;726;377;19;60;6;278;666;371;75,4;83,2;59;73,1;80;42,9;75,5;83,5;59,4
1939 Storfjord;1939;Storfjord;177;473;249;9;36;14;168;437;235;64,6;82,5;52,6;23,7;62,1;46,7;71,2;84,9;53
1940 Gáivuotna Kåfjord;1940;Gáivuotna Kåfjord;253;492;245;13;35;8;240;457;237;70,5;77,4;52,9;44,8;54,7;61,5;72,7;79,9;52,7
1941 Skjervøy;1941;Skjervøy;325;742;277;38;98;9;287;644;268;71,1;82,2;51,3;73,1;82,4;42,9;70,9;82,1;51,6
1942 Nordreisa;1942;Nordreisa;530;1220;554;23;74;13;507;1146;541;70,8;81,4;58,3;48,9;63,2;59,1;72,2;83;58,3
1943 Kvænangen;1943;Kvænangen;117;279;152; : ;21;8; : ;258;144;67,2;81,1;58,7; : ;91,3;50; : ;80,4;59,3
2002 Vardø;2002;Vardø;213;542;226;33;98;16;180;444;210;70,8;78,9;46,1;80,5;76;32;69,2;79,6;47,7
2003 Vadsø;2003;Vadsø;667;1747;593;84;230;49;583;1517;544;64,6;83;57,1;33,3;56,7;57;74,6;89,3;57,1
2004 Hammerfest;2004;Hammerfest;1444;3156;958;284;607;85;1160;2549;873;77,3;85,9;60,3;73,8;79,2;64,9;78,2;87,7;59,8
2011 Guovdageaidnu Kautokeino;2011;Guovdageaidnu Kautokeino;296;803;340;14;59;20;282;744;320;62,2;79,7;62,7;48,3;78,7;58,8;63,1;79,7;63
2012 Alta;2012;Alta;2511;5406;1734;277;581;76;2234;4825;1658;70,9;82,3;57;61,1;73,2;61,3;72,3;83,5;56,8
2014 Loppa;2014;Loppa;96;227;126;18;35;4;78;192;122;70,1;77,2;52,3;72;67,3;57,1;69,6;79,3;52,1
2015 Hasvik;2015;Hasvik;103;265;99;36;81;8;67;184;91;68,2;77,5;48,1;81,8;80,2;61,5;62,6;76,3;47,2
2017 Kvalsund;2017;Kvalsund;76;243;129;5;32;5;71;211;124;68,5;80,2;48,7;83,3;80;50;67,6;80,2;48,6
2018 Måsøy;2018;Måsøy;97;304;126;16;79;8;81;225;118;61,4;78,4;45;50;71,2;57,1;64,3;81,2;44,4
2019 Nordkapp;2019;Nordkapp;343;812;370;36;134;23;307;678;347;72,1;77;55,2;64,3;67,3;60,5;73,1;79,3;54,9
2020 Porsanger;2020;Porsanger Porsángu Porsanki;383;1040;512;33;93;18;350;947;494;68,3;79,9;57,9;56,9;71;46,2;69,6;80,9;58,4
2021 Kárásjohka Karasjok;2021;Kárásjohka Karasjok;274;745;353;9;76;19;265;669;334;60,2;84,9;68,7;52,9;88,4;67,9;60,5;84,5;68,7
2022 Lebesby;2022;Lebesby;124;338;125;18;68;9;106;270;116;73,4;77,3;44,8;75;86,1;40,9;73,1;75,4;45,1
2023 Gamvik;2023;Gamvik;119;296;115;37;88;18;82;208;97;68,8;78,5;50,2;66,1;73,9;75;70,1;80,6;47,3
2024 Berlevåg;2024;Berlevåg;126;283;109;21;52;10;105;231;99;75,9;84,2;49,3;75;81,3;71,4;76,1;84,9;47,8
2025 Deatnu Tana;2025;Deatnu Tana;261;793;355;19;110;32;242;683;323;68,1;83,9;58,2;55,9;77,5;59,3;69,3;85,1;58,1
2027 Unjargga-Nesseby;2027;Unjárga Nesseby;100;224;122;14;35;6;86;189;116;76,9;86,2;57;82,4;92,1;42,9;76,1;85,1;58
2028 Båtsfjord;2028;Båtsfjord;256;626;221;84;205;29;172;421;192;71,1;81,2;52,5;71,8;81,3;56,9;70,8;81,1;51,9
2030 Sør-Varanger;2030;Sør-Varanger;1324;3000;969;210;526;106;1114;2474;863;77,7;86,3;55,7;69,8;79,5;59,2;79,3;87,9;55,3
