kommunenr-kommunenavn;kommune_nr;"Kommune
navn";tilskudd_til_kommuner.totalt;tilskudd_til_kommuner.inttilsk_1-5;tilskudd_til_kommuner.inttilsk_1;tilskudd_til_kommuner.inttilsk_2-5;tilskudd_til_kommuner.funkhem;tilskudd_til_kommuner.norsk-samf_tilsk;tilskudd_til_kommuner.em_tilsk;tilskudd_til_kommuner.barnehage_tilsk;tilskudd_til_kommuner.eldre_tilsk;tilskudd_til_kommuner.skole_tilsk
;;;enhet.kroner;enhet.kroner;enhet.kroner;enhet.kroner;enhet.kroner;enhet.kroner;enhet.kroner;enhet.kroner;enhet.kroner;enhet.kroner
0101 Halden;101;Halden;12788516,00;8195800,00;1495000,00;6700800,00;0,00;3756500,00;676316,00;68700,00;0,00;91200,00
0104 Moss;104;Moss;42105918,00;25694200,00;6368000,00;19326200,00;1169935,00;12030300,00;2334383,00;114500,00;295200,00;467400,00
0105 Sarpsborg;105;Sarpsborg;51798462,00;38218000,00;12615000,00;25603000,00;605000,00;10627500,00;1468762,00;198400,00;0,00;680800,00
0106 Fredrikstad;106;Fredrikstad;60230491,00;38240700,00;9031500,00;29209200,00;614600,00;17436300,00;2737991,00;136300,00;585800,00;478800,00
0111 Hvaler;111;Hvaler;11410999,00;6515300,00;2989500,00;3525800,00;0,00;1249600,00;3555099,00;45800,00;0,00;45200,00
0118 Aremark;118;Aremark;1375800,00;653600,00;0,00;653600,00;0,00;710800,00;0,00;0,00;0,00;11400,00
0119 Marker;119;Marker;2804500,00;1534000,00;210000,00;1324000,00;0,00;1236300,00;0,00;0,00;0,00;34200,00
0121 Rømskog;121;Rømskog;0,00;0,00;0,00;0,00;0,00;0,00;0,00;0,00;0,00;0,00
0122 Trøgstad;122;Trøgstad;7358200,00;4324000,00;1505000,00;2819000,00;800100,00;1249400,00;916300,00;0,00;0,00;68400,00
0123 Spydeberg;123;Spydeberg;6748400,00;4914800,00;1440000,00;3474800,00;0,00;1822200,00;0,00;0,00;0,00;11400,00
0124 Askim;124;Askim;13248800,00;7386200,00;1720000,00;5666200,00;0,00;4588800,00;785400,00;0,00;442800,00;45600,00
0125 Eidsberg;125;Eidsberg;10826200,00;7063000,00;2130000,00;4933000,00;0,00;3484000,00;130900,00;22900,00;0,00;125400,00
0127 Skiptvet;127;Skiptvet;5587345,00;3403900,00;739500,00;2664400,00;147605,00;1259000,00;675640,00;21800,00;0,00;79400,00
0128 Rakkestad;128;Rakkestad;4384200,00;2320000,00;1000000,00;1320000,00;0,00;1460600,00;523600,00;45800,00;0,00;34200,00
0135 Råde;135;Råde;7053915,00;5273400,00;310000,00;4963400,00;27815,00;1650000,00;0,00;22900,00;0,00;79800,00
0136 Rygge;136;Rygge;6563204,00;2167200,00;330000,00;1837200,00;761191,00;1978100,00;1656713,00;0,00;0,00;0,00
0137 Våler (Østfold);137;Våler (Østf.);2016500,00;0,00;0,00;0,00;0,00;2016500,00;0,00;0,00;0,00;0,00
0138 Hobøl;138;Hobøl;4200100,00;475000,00;475000,00;0,00;0,00;3702200,00;0,00;22900,00;0,00;0,00
0211 Vestby;211;Vestby;19323750,00;12007100,00;4666500,00;7340600,00;0,00;6021800,00;1112650,00;45800,00;0,00;136400,00
0213 Ski;213;Ski;35342040,00;27733300,00;10244500,00;17488800,00;0,00;6376100,00;675640,00;91600,00;0,00;465400,00
0214 Ås;214;Ås;20890300,00;12592200,00;5443000,00;7149200,00;340000,00;6826100,00;916300,00;68700,00;0,00;147000,00
0215 Frogn;215;Frogn;18227229,00;10070800,00;4105000,00;5965800,00;2729537,00;3826500,00;1428992,00;91600,00;0,00;79800,00
0216 Nesodden;216;Nesodden;17124668,00;10951600,00;1578000,00;9373600,00;993618,00;3075800,00;1767150,00;86100,00;0,00;250400,00
0217 Oppegård;217;Oppegård;29129700,00;23075400,00;4116500,00;18958900,00;0,00;3880200,00;1570800,00;91600,00;0,00;511700,00
0219 Bærum;219;Bærum;125568808,00;78871300,00;25679000,00;53192300,00;11466102,00;25192100,00;7895306,00;272600,00;438200,00;1433200,00
0220 Asker;220;Asker;56887308,00;36505000,00;7907000,00;28598000,00;1024044,00;12794700,00;5847364,00;113400,00;147600,00;455200,00
0221 Aurskog Høland;221;Aurskog-Høland;10225448,00;6981200,00;2360000,00;4621200,00;623848,00;2437700,00;0,00;68700,00;0,00;114000,00
0226 Sørum;226;Sørum;10429100,00;7496200,00;1480000,00;6016200,00;0,00;2750300,00;0,00;45800,00;0,00;136800,00
0227 Fet;227;Fet;9294200,00;6827400,00;3454000,00;3373400,00;0,00;2321300,00;0,00;66500,00;0,00;79000,00
0228 Rælingen;228;Rælingen;19415900,00;13646000,00;2675000,00;10971000,00;0,00;4722300,00;785400,00;0,00;0,00;262200,00
0229 Enebakk;229;Enebakk;7350325,00;4621500,00;1245000,00;3376500,00;0,00;2417000,00;163625,00;0,00;0,00;148200,00
0230 Lørenskog;230;Lørenskog;29294342,00;17620100,00;5131500,00;12488600,00;0,00;8201200,00;3301842,00;45800,00;0,00;125400,00
0231 Skedsmo;231;Skedsmo;70570257,00;47482500,00;15283500,00;32199000,00;4374965,00;15147600,00;2476192,00;229000,00;143000,00;717000,00
0233 Nittedal;233;Nittedal;11467525,00;8356300,00;3756500,00;4599800,00;0,00;2896900,00;32725,00;67600,00;0,00;114000,00
0234 Gjerdrum;234;Gjerdrum;4882100,00;3374000,00;1380000,00;1994000,00;0,00;1360900,00;0,00;45800,00;0,00;101400,00
0235 Ullensaker;235;Ullensaker;16196299,00;8549100,00;2642500,00;5906600,00;0,00;5872800,00;1502299,00;44700,00;147600,00;79800,00
0236 Nes (Akershus);236;Nes (Ak.);20444675,00;14146000,00;3785000,00;10361000,00;0,00;4179200,00;1799875,00;91600,00;0,00;228000,00
0237 Eidsvoll;237;Eidsvoll;10469900,00;5876200,00;0,00;5876200,00;400000,00;3942900,00;0,00;0,00;0,00;250800,00
0238 Nannestad;238;Nannestad;8084500,00;5370400,00;1166000,00;4204400,00;0,00;2555300,00;0,00;0,00;0,00;158800,00
0239 Hurdal;239;Hurdal;1704900,00;725000,00;165000,00;560000,00;0,00;849000,00;130900,00;0,00;0,00;0,00
0301 Oslo;301;Oslo kommune;689577091,00;427991800,00;122889850,00;305101950,00;9494093,00;212375900,00;30896098,00;1660700,00;1914200,00;5244300,00
0402 Kongsvinger;402;Kongsvinger;23965106,00;13172900,00;2355500,00;10817400,00;4326006,00;6040200,00;130900,00;44700,00;0,00;250400,00
0403 Hamar;403;Hamar;48099572,00;32224200,00;10182500,00;22041700,00;3374348,00;9145700,00;2650724,00;181000,00;0,00;523600,00
0412 Ringsaker;412;Ringsaker;25783810,00;17182300,00;4731500,00;12450800,00;0,00;6731500,00;1209810,00;91600,00;147600,00;421000,00
0415 Løten;415;Løten;11705602,00;9000400,00;3043000,00;5957400,00;555502,00;1588400,00;130900,00;111200,00;0,00;319200,00
0417 Stange;417;Stange;31055985,00;24017100,00;6954500,00;17062600,00;1239985,00;4306900,00;1047200,00;45800,00;0,00;399000,00
0418 Nord-Odal;418;Nord-Odal;1671250,00;815550,00;215000,00;600550,00;0,00;821500,00;0,00;0,00;0,00;34200,00
0419 Sør-Odal;419;Sør-Odal;6188700,00;4650800,00;2260000,00;2390800,00;0,00;1470400,00;0,00;44700,00;0,00;22800,00
0420 Eidskog;420;Eidskog;5693400,00;3803600,00;835000,00;2968600,00;490000,00;1320000,00;0,00;0,00;0,00;79800,00
0423 Grue;423;Grue;6297750,00;4337600,00;330000,00;4007600,00;0,00;1137600,00;719950,00;0,00;0,00;102600,00
0425 Åsnes;425;Åsnes;17343580,00;8841300,00;2212500,00;6628800,00;0,00;7949600,00;304080,00;21800,00;0,00;226800,00
0426 Våler (Hedm.);426;Våler (Hedm.);4838400,00;0,00;0,00;0,00;0,00;4838400,00;0,00;0,00;0,00;0,00
0427 Elverum;427;Elverum;36022691,00;26233900,00;8099500,00;18134400,00;1027425,00;4794100,00;3228866,00;248600,00;0,00;489800,00
0428 Trysil;428;Trysil;11449492,00;8648000,00;2655000,00;5993000,00;0,00;2009700,00;643592,00;0,00;0,00;148200,00
0429 Åmot;429;Åmot;2495675,00;935000,00;545000,00;390000,00;0,00;808000,00;752675,00;0,00;0,00;0,00
0430 Stor-Elvdal;430;Stor-Elvdal;11621800,00;4315900,00;1501500,00;2814400,00;0,00;7238300,00;0,00;0,00;0,00;67600,00
0432 Rendalen;432;Rendalen;2004400,00;1075000,00;1075000,00;0,00;0,00;883700,00;0,00;22900,00;0,00;22800,00
0434 Engerdal;434;Engerdal;8858672,00;5172000,00;3033000,00;2139000,00;445872,00;2747100,00;0,00;112300,00;290600,00;90800,00
0436 Tolga;436;Tolga;6595650,00;5357700,00;2171500,00;3186200,00;0,00;1013800,00;65450,00;44700,00;0,00;114000,00
0437 Tynset;437;Tynset;17672715,00;11971900,00;3839500,00;8132400,00;1050673,00;2020300,00;2279842,00;43600,00;147600,00;158800,00
0438 Alvdal;438;Alvdal;7625000,00;6209200,00;2948000,00;3261200,00;0,00;1172000,00;0,00;21800,00;143000,00;79000,00
0439 Folldal;439;Folldal;2105400,00;1480000,00;620000,00;860000,00;0,00;568200,00;0,00;45800,00;0,00;11400,00
0441 Os (Hedm.);441;Os (Hedm.);5062280,00;3325200,00;1203000,00;2122200,00;0,00;927500,00;696780,00;67600,00;0,00;45200,00
0501 Lillehammer;501;Lillehammer;53256185,00;32198500,00;7249500,00;24949000,00;11638766,00;6162200,00;2563119,00;260800,00;0,00;432800,00
0502 Gjøvik;502;Gjøvik;51792988,00;31995600,00;7575500,00;24420100,00;9197078,00;5898600,00;3752210,00;22900,00;290600,00;636000,00
0511 Dovre;511;Dovre;7565100,00;3334400,00;815000,00;2519400,00;0,00;4150700,00;0,00;45800,00;0,00;34200,00
0512 Lesja;512;Lesja;568200,00;0,00;0,00;0,00;0,00;568200,00;0,00;0,00;0,00;0,00
0513 Skjåk;513;Skjåk;4425500,00;3410400,00;1030000,00;2380400,00;0,00;946600,00;0,00;22900,00;0,00;45600,00
0514 Lom;514;Lom;5853500,00;4521800,00;1775000,00;2746800,00;0,00;1240500,00;0,00;0,00;0,00;91200,00
0515 Vågå;515;Vågå;9667900,00;8081000,00;3498000,00;4583000,00;0,00;1360500,00;0,00;67600,00;0,00;158800,00
0516 Nord-Fron;516;Nord-Fron;6903700,00;5163900,00;156500,00;5007400,00;0,00;1614400,00;0,00;0,00;0,00;125400,00
0517 Sel;517;Sel;18163400,00;9564200,00;4145000,00;5419200,00;0,00;7039900,00;1309000,00;136300,00;0,00;114000,00
0519 Sør-Fron;519;Sør-Fron;1217800,00;406800,00;0,00;406800,00;0,00;811000,00;0,00;0,00;0,00;0,00
0520 Ringebu;520;Ringebu;5679700,00;2488000,00;0,00;2488000,00;160000,00;2963300,00;0,00;0,00;0,00;68400,00
0521 Øyer;521;Øyer;16065298,00;11211800,00;3218000,00;7993800,00;2443098,00;1853000,00;261800,00;67600,00;0,00;228000,00
0522 Gausdal;522;Gausdal;4076600,00;2747000,00;728000,00;2019000,00;155400,00;1095700,00;0,00;44700,00;0,00;33800,00
0528 Østre Toten;528;Østre Toten;16678700,00;10852000,00;2825000,00;8027000,00;0,00;5541600,00;0,00;22900,00;0,00;262200,00
0529 Vestre Toten;529;Vestre Toten;19320800,00;13516100,00;4489100,00;9027000,00;0,00;5310000,00;130900,00;113400,00;0,00;250400,00
0532 Jevnaker;532;Jevnaker;4485700,00;3277000,00;1123000,00;2154000,00;0,00;1174500,00;0,00;0,00;0,00;34200,00
0533 Lunner;533;Lunner;25221200,00;20563800,00;7036500,00;13527300,00;0,00;3120000,00;1047200,00;91600,00;0,00;398600,00
0534 Gran;534;Gran;33733833,00;28370700,00;10511500,00;17859200,00;223833,00;3491500,00;1047200,00;89400,00;147600,00;363600,00
0536 Søndre Land;536;Søndre Land;8099850,00;3137600,00;1350000,00;1787600,00;0,00;4680700,00;65450,00;22900,00;147600,00;45600,00
0538 Nordre Land;538;Nordre Land;15615512,00;10666000,00;2840000,00;7826000,00;686387,00;2010600,00;1865325,00;45800,00;147600,00;193800,00
0540 Sør-Aurdal;540;Sør-Aurdal;5364500,00;4199400,00;1505000,00;2694400,00;0,00;1039500,00;0,00;45800,00;0,00;79800,00
0541 Etnedal;541;Etnedal;8565000,00;1838600,00;215000,00;1623600,00;0,00;6715000,00;0,00;0,00;0,00;11400,00
0542 Nord-Aurdal;542;Nord-Aurdal;8435300,00;6942000,00;1935000,00;5007000,00;0,00;1459100,00;0,00;0,00;0,00;34200,00
0543 Vestre Slidre;543;Vestre Slidre;5225500,00;2590000,00;0,00;2590000,00;0,00;2447600,00;130900,00;0,00;0,00;57000,00
0544 Øystre Slidre;544;Øystre Slidre;2692900,00;1670400,00;430000,00;1240400,00;0,00;891600,00;130900,00;0,00;0,00;0,00
0545 Vang;545;Vang;5405500,00;1640400,00;165000,00;1475400,00;0,00;3742300,00;0,00;0,00;0,00;22800,00
0602 Drammen;602;Drammen;118939262,00;80100712,00;24796000,00;55304712,00;3772862,00;26028450,00;6911838,00;612800,00;0,00;1512600,00
0604 Kongsberg;604;Kongsberg;35569222,00;23193200,00;5833000,00;17360200,00;628235,00;9386200,00;1839787,00;89400,00;0,00;432400,00
0605 Ringerike;605;Ringerike;32112377,00;20596900,00;6222500,00;14374400,00;748335,00;9684000,00;447242,00;90500,00;147600,00;397800,00
0612 Hole;612;Hole;4557897,00;2832200,00;1365000,00;1467200,00;410597,00;1166600,00;0,00;68700,00;0,00;79800,00
0615 Flå;615;Flå;369100,00;0,00;0,00;0,00;0,00;238200,00;130900,00;0,00;0,00;0,00
0616 Nes (Busk.);616;Nes (Busk.);9310800,00;4443000,00;1545000,00;2898000,00;0,00;4833500,00;0,00;22900,00;0,00;11400,00
0617 Gol;617;Gol;5121200,00;3909800,00;0,00;3909800,00;0,00;1086000,00;0,00;0,00;0,00;125400,00
0618 Hemsedal;618;Hemsedal;9497299,00;3940900,00;651500,00;3289400,00;957309,00;4144000,00;204890,00;0,00;147600,00;102600,00
0619 Ål;619;Ål;8861600,00;4361600,00;1505000,00;2856600,00;0,00;3606600,00;654500,00;22900,00;147600,00;68400,00
0620 Hol;620;Hol;5749600,00;3822600,00;835000,00;2987600,00;0,00;1585200,00;261800,00;45800,00;0,00;34200,00
0621 Sigdal;621;Sigdal;4122910,00;2770200,00;1013000,00;1757200,00;612610,00;662300,00;0,00;43600,00;0,00;34200,00
0622 Krødsherad;622;Krødsherad;1375200,00;620000,00;620000,00;0,00;0,00;709400,00;0,00;45800,00;0,00;0,00
0623 Modum;623;Modum;17167442,00;11802650,00;2395000,00;9407650,00;0,00;3190300,00;1821692,00;0,00;147600,00;205200,00
0624 Øvre Eiker;624;Øvre Eiker;16761850,00;12667050,00;3001500,00;9665550,00;0,00;3251600,00;523600,00;91600,00;0,00;228000,00
0625 Nedre Eiker;625;Nedre Eiker;17947625,00;12189900,00;3956500,00;8233400,00;0,00;4910800,00;425425,00;68700,00;147600,00;205200,00
0626 Lier;626;Lier;24845900,00;17266800,00;4380000,00;12886800,00;0,00;5427800,00;1570800,00;68700,00;295200,00;216600,00
0627 Røyken;627;Røyken;21636625,00;16778100,00;6014000,00;10764100,00;0,00;4252400,00;32725,00;154800,00;0,00;418600,00
0628 Hurum;628;Hurum;19116212,00;14773000,00;5016000,00;9757000,00;160000,00;2706000,00;1112312,00;114500,00;0,00;250400,00
0631 Flesberg;631;Flesberg;12220800,00;10438400,00;4226000,00;6212400,00;0,00;1387700,00;0,00;201700,00;0,00;193000,00
0632 Rollag;632;Rollag;5012400,00;3990400,00;2005000,00;1985400,00;0,00;965000,00;0,00;0,00;0,00;57000,00
0633 Nore og Uvdal;633;Nore og Uvdal;9695080,00;6884900,00;1751500,00;5133400,00;1254780,00;1198700,00;130900,00;21800,00;0,00;204000,00
0701 Horten;701;Horten;28904712,00;19084100,00;7158000,00;11926100,00;467269,00;5127400,00;3770643,00;114500,00;0,00;340800,00
0702 Holmestrand;702;Holmestrand;10822320,00;6265800,00;1936000,00;4329800,00;795000,00;2298300,00;1372420,00;0,00;0,00;90800,00
0704 Tønsberg;704;Tønsberg;29579203,00;17309500,00;4106500,00;13203000,00;0,00;9564700,00;2397803,00;113400,00;0,00;193800,00
0706 Sandefjord;706;Sandefjord;33170888,00;22577700,00;8432500,00;14145200,00;712221,00;7698300,00;1527167,00;223500,00;0,00;432000,00
0709 Larvik;709;Larvik;46461287,00;29594400,00;8330500,00;21263900,00;1603613,00;9716900,00;4726774,00;250800,00;0,00;568800,00
0711 Svelvik;711;Svelvik;4048700,00;2659000,00;1050000,00;1609000,00;0,00;1389700,00;0,00;0,00;0,00;0,00
0713 Sande (Vestf.);713;Sande (Vestf.);9907556,00;7784800,00;2910000,00;4874800,00;-27044,00;1910200,00;0,00;45800,00;0,00;193800,00
0714 Hof;714;Hof;746100,00;0,00;0,00;0,00;0,00;746100,00;0,00;0,00;0,00;0,00
0716 Re;716;Re (f.o.m. 2002);7748200,00;5916200,00;2200000,00;3716200,00;0,00;1683600,00;0,00;45800,00;0,00;102600,00
0719 Andebu;719;Andebu;4529420,00;2463300,00;1086500,00;1376800,00;0,00;1028600,00;992320,00;0,00;0,00;45200,00
0720 Stokke;720;Stokke;22461160,00;13473700,00;3185000,00;10288700,00;0,00;7398000,00;1144360,00;114500,00;0,00;330600,00
0722 Nøtterøy;722;Nøtterøy;21386792,00;13147900,00;4551500,00;8596400,00;1740587,00;3431200,00;2693005,00;112300,00;0,00;261800,00
0723 Tjøme;723;Tjøme;6234200,00;4645500,00;2241500,00;2404000,00;0,00;1441200,00;0,00;90500,00;0,00;57000,00
0728 Lardal;728;Lardal;2803100,00;1574000,00;0,00;1574000,00;0,00;876100,00;261800,00;0,00;0,00;91200,00
0805 Porsgrunn;805;Porsgrunn;43874010,00;31679100,00;11841500,00;19837600,00;521710,00;9375200,00;1570800,00;196200,00;0,00;531000,00
0806 Skien;806;Skien;109584499,00;77071100,00;16718000,00;60353100,00;5265490,00;17257900,00;8409309,00;293300,00;0,00;1287400,00
0807 Notodden;807;Notodden;31904783,00;23203050,00;7633000,00;15570050,00;800100,00;4526600,00;2661633,00;178800,00;295200,00;239400,00
0811 Siljan;811;Siljan;7336500,00;5762000,00;1655000,00;4107000,00;0,00;1335000,00;0,00;22900,00;0,00;216600,00
0814 Bamble;814;Bamble;41164498,00;31923400,00;10230000,00;21693400,00;1200500,00;4571500,00;2715498,00;176600,00;0,00;577000,00
0815 Kragerø;815;Kragerø;34618562,00;24761400,00;6565000,00;18196400,00;3075679,00;4401000,00;1810783,00;68700,00;147600,00;353400,00
0817 Drangedal;817;Drangedal;8022000,00;6354000,00;1725000,00;4629000,00;0,00;1451200,00;0,00;45800,00;0,00;171000,00
0819 Nome;819;Nome;16445122,00;8372000,00;2630000,00;5742000,00;1847622,00;6020300,00;0,00;0,00;0,00;205200,00
0821 Bø (Telemark);821;Bø (Telem.);16420100,00;9249100,00;3035000,00;6214100,00;2346000,00;2236300,00;2225300,00;67600,00;147600,00;148200,00
0822 Sauherad;822;Sauherad;17104496,00;11592600,00;2133000,00;9459600,00;2004496,00;1956000,00;1178100,00;112300,00;0,00;261000,00
0826 Tinn;826;Tinn;22898962,00;12643700,00;6194500,00;6449200,00;2162755,00;6086000,00;1602507,00;67600,00;143000,00;193400,00
0827 Hjartdal;827;Hjartdal;2065132,00;1155000,00;1155000,00;0,00;0,00;701400,00;174532,00;0,00;0,00;34200,00
0828 Seljord;828;Seljord;5980200,00;4751800,00;2010000,00;2741800,00;0,00;1091500,00;0,00;22900,00;0,00;114000,00
0829 Kviteseid;829;Kviteseid;631200,00;0,00;0,00;0,00;0,00;631200,00;0,00;0,00;0,00;0,00
0830 Nissedal;830;Nissedal;291600,00;0,00;0,00;0,00;0,00;291600,00;0,00;0,00;0,00;0,00
0831 Fyresdal;831;Fyresdal;4700900,00;3579000,00;475000,00;3104000,00;0,00;973600,00;0,00;22900,00;0,00;125400,00
0833 Tokke;833;Tokke;175000,00;0,00;0,00;0,00;0,00;175000,00;0,00;0,00;0,00;0,00
0834 Vinje;834;Vinje;3885100,00;2590800,00;0,00;2590800,00;0,00;1117800,00;130900,00;0,00;0,00;45600,00
0901 Risør;901;Risør;19310763,00;13294200,00;5340000,00;7954200,00;1029680,00;2663100,00;2072583,00;91600,00;0,00;159600,00
0904 Grimstad;904;Grimstad;36242735,00;27533400,00;8944000,00;18589400,00;-43900,00;5056700,00;3206035,00;68700,00;0,00;421800,00
0906 Arendal;906;Arendal;64422594,00;46480300,00;10340500,00;36139800,00;2189144,00;9799600,00;4646950,00;135200,00;295200,00;876200,00
0911 Gjerstad;911;Gjerstad;10437178,00;7564800,00;2075000,00;5489800,00;1330778,00;1268600,00;0,00;0,00;147600,00;125400,00
0912 Vegårshei;912;Vegårshei;2133700,00;670000,00;0,00;670000,00;713000,00;693700,00;0,00;0,00;0,00;57000,00
0914 Tvedestrand;914;Tvedestrand;8351700,00;6464000,00;2200000,00;4264000,00;0,00;1716600,00;0,00;22900,00;0,00;148200,00
0919 Froland;919;Froland;5226600,00;2889800,00;580000,00;2309800,00;800100,00;1217900,00;261800,00;0,00;0,00;57000,00
0926 Lillesand;926;Lillesand;14489400,00;10059300,00;2351500,00;7707800,00;0,00;3550200,00;654500,00;21800,00;0,00;203600,00
0928 Birkenes;928;Birkenes;8686900,00;4853800,00;1803000,00;3050800,00;0,00;3685700,00;0,00;67600,00;0,00;79800,00
0929 Åmli;929;Åmli;3971100,00;2897600,00;765000,00;2132600,00;0,00;970900,00;0,00;0,00;0,00;102600,00
0935 Iveland;935;Iveland;3460800,00;2392600,00;835000,00;1557600,00;0,00;1011100,00;0,00;22900,00;0,00;34200,00
0937 Evje og Hornnes;937;Evje og Hornnes;5879000,00;4066100,00;1100000,00;2966100,00;0,00;1328900,00;392700,00;22900,00;0,00;68400,00
0938 Bygland;938;Bygland;1764000,00;0,00;0,00;0,00;0,00;1633100,00;130900,00;0,00;0,00;0,00
0940 Valle;940;Valle;5443900,00;4318600,00;1550000,00;2768600,00;0,00;919900,00;0,00;45800,00;0,00;159600,00
0941 Bykle;941;Bykle;3445000,00;2370500,00;861500,00;1509000,00;0,00;826500,00;0,00;21800,00;147600,00;78600,00
1001 Kristiansand;1001;Kristiansand;155026995,00;110535100,00;36159000,00;74376100,00;4622467,00;27326200,00;9891828,00;604000,00;147600,00;1899800,00
1002 Mandal;1002;Mandal;34666474,00;23151700,00;6946500,00;16205200,00;1796616,00;7391300,00;1647158,00;134100,00;0,00;545600,00
1003 Farsund;1003;Farsund;15998800,00;10281000,00;2953000,00;7328000,00;320000,00;4463600,00;392700,00;22900,00;290600,00;228000,00
1004 Flekkefjord;1004;Flekkefjord;14433127,00;7149000,00;1840000,00;5309000,00;1371927,00;5610100,00;130900,00;45800,00;0,00;125400,00
1014 Vennesla;1014;Vennesla;17447910,00;12052900,00;3091500,00;8961400,00;1891910,00;3059000,00;0,00;22900,00;147600,00;273600,00
1017 Songdalen;1017;Songdalen;17933470,00;13104200,00;4529500,00;8574700,00;1771072,00;2235000,00;350098,00;136300,00;143000,00;193800,00
1018 Søgne;1018;Søgne;17056195,00;11825000,00;2050000,00;9775000,00;1179895,00;3094800,00;785400,00;22900,00;0,00;148200,00
1021 Marnardal;1021;Marnardal;4779900,00;3810500,00;1261500,00;2549000,00;0,00;878600,00;0,00;0,00;0,00;90800,00
1026 Åseral;1026;Åseral;1761200,00;1060000,00;0,00;1060000,00;0,00;678400,00;0,00;0,00;0,00;22800,00
1027 Audnedal;1027;Audnedal;1845800,00;1155000,00;1155000,00;0,00;0,00;690800,00;0,00;0,00;0,00;0,00
1029 Lindesnes;1029;Lindesnes;7702400,00;5960800,00;2405000,00;3555800,00;0,00;1473800,00;130900,00;22900,00;0,00;114000,00
1032 Lyngdal;1032;Lyngdal;18297900,00;11939300,00;3336500,00;8602800,00;0,00;5839900,00;130900,00;22900,00;0,00;364900,00
1034 Hægebostad;1034;Hægebostad;2846200,00;1843600,00;0,00;1843600,00;0,00;979800,00;0,00;0,00;0,00;22800,00
1037 Kvinesdal;1037;Kvinesdal;17127900,00;10753500,00;4881500,00;5872000,00;0,00;5527700,00;392700,00;45800,00;147600,00;260600,00
1046 Sirdal;1046;Sirdal;2456800,00;1544000,00;430000,00;1114000,00;0,00;901400,00;0,00;0,00;0,00;11400,00
1101 Eigersund;1101;Eigersund;24034608,00;17718600,00;6690000,00;11028600,00;487000,00;4115800,00;1450808,00;45800,00;0,00;216600,00
1102 Sandnes;1102;Sandnes;75352807,00;45459400,00;11115500,00;34343900,00;1493000,00;23574700,00;3642707,00;181000,00;295200,00;706800,00
1103 Stavanger;1103;Stavanger;112715634,00;64393200,00;16431000,00;47962200,00;5327700,00;34549200,00;6909434,00;363100,00;295200,00;877800,00
1106 Haugesund;1106;Haugesund;51798206,00;32924250,00;9447000,00;23477250,00;3653356,00;14328200,00;130900,00;249700,00;0,00;511800,00
1111 Sokndal;1111;Sokndal;1371200,00;0,00;0,00;0,00;0,00;1371200,00;0,00;0,00;0,00;0,00
1112 Lund;1112;Lund;9759900,00;5458700,00;1675000,00;3783700,00;0,00;3902200,00;261800,00;91600,00;0,00;45600,00
1114 Bjerkreim;1114;Bjerkreim;883900,00;135000,00;0,00;135000,00;0,00;748900,00;0,00;0,00;0,00;0,00
1119 Hå;1119;Hå;12401900,00;5386600,00;1480000,00;3906600,00;0,00;6360800,00;392700,00;45800,00;147600,00;68400,00
1120 Klepp;1120;Klepp;19786900,00;15228100,00;3959500,00;11268600,00;0,00;3986400,00;130900,00;90500,00;0,00;351000,00
1121 Time;1121;Time;18154233,00;13494200,00;3580000,00;9914200,00;0,00;4228400,00;43633,00;91600,00;0,00;296400,00
1122 Gjesdal;1122;Gjesdal;13611700,00;10716000,00;3225000,00;7491000,00;0,00;2297500,00;392700,00;68700,00;0,00;136800,00
1124 Sola;1124;Sola;17380300,00;11930500,00;3699500,00;8231000,00;0,00;5034900,00;130900,00;113400,00;0,00;170600,00
1127 Randaberg;1127;Randaberg;20468115,00;15598800,00;3329000,00;12269800,00;0,00;2842100,00;1690115,00;131900,00;0,00;205200,00
1129 Forsand;1129;Forsand;637100,00;0,00;0,00;0,00;0,00;637100,00;0,00;0,00;0,00;0,00
1130 Strand;1130;Strand;21946018,00;13371600,00;3455000,00;9916600,00;1196518,00;6888000,00;261800,00;22900,00;0,00;205200,00
1133 Hjelmeland;1133;Hjelmeland;8075200,00;5914800,00;1860000,00;4054800,00;491000,00;1464500,00;0,00;22900,00;0,00;182000,00
1134 Suldal;1134;Suldal;9537400,00;6676800,00;1620000,00;5056800,00;800000,00;1781400,00;130900,00;22900,00;0,00;125400,00
1135 Sauda;1135;Sauda;9474100,00;7626700,00;156500,00;7470200,00;0,00;1687800,00;0,00;0,00;0,00;159600,00
1141 Finnøy;1141;Finnøy;964300,00;0,00;0,00;0,00;0,00;833400,00;130900,00;0,00;0,00;0,00
1142 Rennesøy;1142;Rennesøy;7698670,00;4804500,00;1346500,00;3458000,00;0,00;1557900,00;1188670,00;0,00;147600,00;0,00
1144 Kvitsøy;1144;Kvitsøy;272100,00;0,00;0,00;0,00;0,00;272100,00;0,00;0,00;0,00;0,00
1145 Bokn;1145;Bokn;602100,00;0,00;0,00;0,00;0,00;602100,00;0,00;0,00;0,00;0,00
1146 Tysvær;1146;Tysvær;17887032,00;12541000,00;4355000,00;8186000,00;2263532,00;2609200,00;130900,00;91600,00;0,00;250800,00
1149 Karmøy;1149;Karmøy;37701443,00;28955600,00;8473000,00;20482600,00;223343,00;7524900,00;392700,00;160300,00;0,00;444600,00
1151 Utsira;1151;Utsira;324400,00;0,00;0,00;0,00;0,00;324400,00;0,00;0,00;0,00;0,00
1160 Vindafjord;1160;Vindafjord;11161600,00;8529600,00;1595000,00;6934600,00;0,00;2426600,00;0,00;45800,00;0,00;159600,00
1201 Bergen;1201;Bergen;331686441,00;242433175,00;80974125,00;161459050,00;2215271,00;66339700,00;15160495,00;859200,00;706500,00;3972100,00
1211 Etne;1211;Etne;3197600,00;2340000,00;2340000,00;0,00;0,00;811800,00;0,00;45800,00;0,00;0,00
1216 Sveio;1216;Sveio;10201000,00;8033000,00;1530000,00;6503000,00;0,00;1763200,00;130900,00;68700,00;0,00;205200,00
1219 Bømlo;1219;Bømlo;22185475,00;13849200,00;2745000,00;11104200,00;320000,00;6198400,00;1407175,00;68700,00;0,00;342000,00
1221 Stord;1221;Stord;13354025,00;7190000,00;1550000,00;5640200,00;0,00;5835200,00;32725,00;22900,00;147600,00;125400,00
1222 Fitjar;1222;Fitjar;795500,00;0,00;0,00;0,00;0,00;795500,00;0,00;0,00;0,00;0,00
1223 Tysnes;1223;Tysnes;829300,00;0,00;0,00;0,00;0,00;829300,00;0,00;0,00;0,00;0,00
1224 Kvinnherad;1224;Kvinnherad;16537349,00;12480000,00;3051000,00;9429000,00;0,00;2741200,00;850849,00;22900,00;147600,00;294800,00
1227 Jondal;1227;Jondal;680000,00;0,00;0,00;0,00;0,00;680000,00;0,00;0,00;0,00;0,00
1228 Odda;1228;Odda;10345682,00;4175000,00;4175000,00;0,00;675898,00;5117600,00;239984,00;91600,00;0,00;45600,00
1231 Ullensvang;1231;Ullensvang;13072700,00;8425300,00;3276500,00;5148800,00;0,00;3892600,00;392700,00;44700,00;147600,00;169800,00
1232 Eidfjord;1232;Eidfjord;1375100,00;760000,00;620000,00;140000,00;0,00;580800,00;0,00;22900,00;0,00;11400,00
1233 Ulvik;1233;Ulvik;701300,00;0,00;0,00;0,00;0,00;701300,00;0,00;0,00;0,00;0,00
1234 Granvin;1234;Granvin;181500,00;0,00;0,00;0,00;0,00;181500,00;0,00;0,00;0,00;0,00
1235 Voss;1235;Voss;23026966,00;15163950,00;4950500,00;10213450,00;0,00;6714700,00;873516,00;128600,00;0,00;146200,00
1238 Kvam;1238;Kvam;16074163,00;11893400,00;4090000,00;7803400,00;575663,00;3234000,00;0,00;22900,00;143000,00;205200,00
1241 Fusa;1241;Fusa;679300,00;0,00;0,00;0,00;0,00;679300,00;0,00;0,00;0,00;0,00
1242 Samnanger;1242;Samnanger;4466100,00;1301800,00;0,00;1301800,00;2344600,00;785500,00;0,00;0,00;0,00;34200,00
1243 Os (Hord.);1243;Os (Hord.);9695100,00;6138000,00;1495000,00;4643000,00;0,00;3346200,00;130900,00;45800,00;0,00;34200,00
1244 Austevoll;1244;Austevoll;1020000,00;70000,00;0,00;70000,00;0,00;950000,00;0,00;0,00;0,00;0,00
1245 Sund;1245;Sund;6581000,00;2749000,00;430000,00;2319000,00;0,00;3775000,00;0,00;0,00;0,00;57000,00
1246 Fjell;1246;Fjell;17633033,00;13328800,00;3820000,00;9508800,00;399033,00;3620000,00;0,00;45800,00;0,00;239400,00
1247 Askøy;1247;Askøy;24131430,00;17445500,00;4966500,00;12479000,00;0,00;4638500,00;1547630,00;113400,00;0,00;386400,00
1251 Vaksdal;1251;Vaksdal;11239600,00;9370000,00;3103000,00;6267000,00;0,00;1735100,00;0,00;43600,00;0,00;90900,00
1252 Modalen;1252;Modalen;446700,00;0,00;0,00;0,00;0,00;315800,00;130900,00;0,00;0,00;0,00
1253 Osterøy;1253;Osterøy;1521500,00;0,00;0,00;0,00;0,00;1521500,00;0,00;0,00;0,00;0,00
1256 Meland;1256;Meland;8819700,00;6142200,00;2005000,00;4137200,00;210600,00;2011400,00;261800,00;68700,00;0,00;125000,00
1259 Øygarden;1259;Øygarden;13440600,00;11074100,00;3341500,00;7732600,00;0,00;2263900,00;0,00;0,00;0,00;102600,00
1260 Radøy;1260;Radøy;5213900,00;3534200,00;958000,00;2576200,00;0,00;1622700,00;0,00;0,00;0,00;57000,00
1263 Lindås;1263;Lindås;10739865,00;6684800,00;2705000,00;3979800,00;0,00;2695100,00;1257165,00;45800,00;0,00;57000,00
1264 Austrheim;1264;Austrheim;2014600,00;900000,00;740000,00;160000,00;0,00;1080300,00;0,00;22900,00;0,00;11400,00
1265 Fedje;1265;Fedje;175000,00;0,00;0,00;0,00;0,00;175000,00;0,00;0,00;0,00;0,00
1266 Masfjorden;1266;Masfjorden;608800,00;0,00;0,00;0,00;0,00;608800,00;0,00;0,00;0,00;0,00
1401 Flora;1401;Flora;37686500,00;28159400,00;8124000,00;20035400,00;0,00;7148700,00;1570800,00;205000,00;295200,00;307400,00
1411 Gulen;1411;Gulen;540000,00;0,00;0,00;0,00;0,00;540000,00;0,00;0,00;0,00;0,00
1412 Solund;1412;Solund;62800,00;0,00;0,00;0,00;0,00;62800,00;0,00;0,00;0,00;0,00
1413 Hyllestad;1413;Hyllestad;1467200,00;1215000,00;1215000,00;0,00;0,00;206400,00;0,00;45800,00;0,00;0,00
1416 Høyanger;1416;Høyanger;9267875,00;7286800,00;4100000,00;3186800,00;0,00;1432600,00;229075,00;45800,00;0,00;273600,00
1417 Vik;1417;Vik;1562800,00;971800,00;0,00;971800,00;0,00;568200,00;0,00;0,00;0,00;22800,00
1418 Balestrand;1418;Balestrand;3698200,00;2849000,00;0,00;2849000,00;0,00;815000,00;0,00;0,00;0,00;34200,00
1419 Leikanger;1419;Leikanger;3634600,00;2603600,00;765000,00;1838600,00;0,00;928400,00;0,00;0,00;0,00;102600,00
1420 Sogndal;1420;Sogndal;28811283,00;19532900,00;9346500,00;10186400,00;0,00;8736300,00;109083,00;91600,00;147600,00;193800,00
1421 Aurland;1421;Aurland;295200,00;0,00;0,00;0,00;0,00;295200,00;0,00;0,00;0,00;0,00
1422 Lærdal;1422;Lærdal;0,00;0,00;0,00;0,00;0,00;0,00;0,00;0,00;0,00;0,00
1424 Årdal;1424;Årdal;4130700,00;270000,00;0,00;270000,00;0,00;3860700,00;0,00;0,00;0,00;0,00
1426 Luster;1426;Luster;5122300,00;4125800,00;1700000,00;2425800,00;0,00;859400,00;0,00;68700,00;0,00;68400,00
1428 Askvoll;1428;Askvoll;849000,00;0,00;0,00;0,00;0,00;849000,00;0,00;0,00;0,00;0,00
1429 Fjaler;1429;Fjaler;966800,00;0,00;0,00;0,00;0,00;966800,00;0,00;0,00;0,00;0,00
1430 Gaular;1430;Gaular;684400,00;0,00;0,00;0,00;0,00;684400,00;0,00;0,00;0,00;0,00
1431 Jølster;1431;Jølster;9816000,00;4284400,00;445000,00;3839400,00;0,00;5452700,00;0,00;44700,00;0,00;34200,00
1432 Førde;1432;Førde;21139700,00;13059700,00;4501500,00;8558200,00;0,00;7101100,00;523600,00;182100,00;0,00;273200,00
1433 Naustdal;1433;Naustdal;540000,00;0,00;0,00;0,00;0,00;540000,00;0,00;0,00;0,00;0,00
1438 Bremanger;1438;Bremanger;13654300,00;6829800,00;2400000,00;4429800,00;0,00;6385500,00;130900,00;68700,00;0,00;239400,00
1439 Vågsøy;1439;Vågsøy;1077100,00;80000,00;0,00;80000,00;0,00;997100,00;0,00;0,00;0,00;0,00
1441 Selje;1441;Selje;956500,00;0,00;0,00;0,00;0,00;956500,00;0,00;0,00;0,00;0,00
1443 Eid;1443;Eid;8466910,00;5510200,00;1878000,00;3632200,00;0,00;1504000,00;1328110,00;67600,00;0,00;57000,00
1444 Hornindal;1444;Hornindal;184400,00;0,00;0,00;0,00;0,00;184400,00;0,00;0,00;0,00;0,00
1445 Gloppen;1445;Gloppen;13070165,00;9591400,00;4108000,00;5483400,00;0,00;1978900,00;1362865,00;45800,00;0,00;91200,00
1449 Stryn;1449;Stryn;15722700,00;13031600,00;5091000,00;7940600,00;0,00;2248100,00;0,00;135200,00;0,00;307800,00
1502 Molde;1502;Molde;55628243,00;39167100,00;12617500,00;26549600,00;1516789,00;10117600,00;3805654,00;201700,00;147600,00;671800,00
1504 Ålesund;1504;Ålesund;44098559,00;26527700,00;8810000,00;17717700,00;0,00;13674500,00;3348859,00;68700,00;0,00;478800,00
1505 Kristiansund;1505;Kristiansund;29169900,00;23453600,00;3799500,00;19654100,00;0,00;5157400,00;0,00;68700,00;0,00;490200,00
1511 Vanylven;1511;Vanylven;744300,00;0,00;0,00;0,00;0,00;744300,00;0,00;0,00;0,00;0,00
1514 Sande (M. og R.);1514;Sande (M. og R.);354400,00;0,00;0,00;0,00;0,00;354400,00;0,00;0,00;0,00;0,00
1515 Herøy (M. og R.);1515;Herøy (M. og R.);7193300,00;5445800,00;1840000,00;3605800,00;0,00;1599100,00;0,00;45800,00;0,00;102600,00
1516 Ulstein;1516;Ulstein;21451696,00;13980000,00;5834000,00;8146000,00;700296,00;6144800,00;261800,00;91600,00;0,00;273200,00
1517 Hareid;1517;Hareid;6823970,00;4039800,00;145000,00;3894800,00;0,00;1671700,00;1032570,00;22900,00;0,00;57000,00
1519 Volda;1519;Volda;35635562,00;21407700,00;6146500,00;15261200,00;2670430,00;7493700,00;3519332,00;135200,00;0,00;409200,00
1520 Ørsta;1520;Ørsta;19058728,00;13149400,00;3686500,00;9462900,00;689833,00;2940100,00;2006795,00;45800,00;0,00;226800,00
1523 Ørskog;1523;Ørskog;861600,00;0,00;0,00;0,00;0,00;861600,00;0,00;0,00;0,00;0,00
1524 Norddal;1524;Norddal;355800,00;0,00;0,00;0,00;0,00;355800,00;0,00;0,00;0,00;0,00
1525 Stranda;1525;Stranda;891200,00;0,00;0,00;0,00;0,00;891200,00;0,00;0,00;0,00;0,00
1526 Stordal;1526;Stordal;453200,00;215000,00;215000,00;0,00;0,00;238200,00;0,00;0,00;0,00;0,00
1528 Sykkylven;1528;Sykkylven;11330900,00;8954700,00;2659500,00;6295200,00;0,00;2028000,00;0,00;0,00;143000,00;205200,00
1529 Skodje;1529;Skodje;967700,00;0,00;0,00;0,00;0,00;967700,00;0,00;0,00;0,00;0,00
1531 Sula;1531;Sula;2946100,00;1595000,00;1055000,00;540000,00;0,00;1236800,00;0,00;68700,00;0,00;45600,00
1532 Giske;1532;Giske;11229500,00;8744300,00;3071500,00;5672800,00;0,00;2246400,00;0,00;45800,00;0,00;193000,00
1534 Haram;1534;Haram;13958900,00;10359000,00;2873000,00;7486000,00;0,00;3225300,00;0,00;21800,00;147600,00;205200,00
1535 Vestnes;1535;Vestnes;6639555,00;333600,00;0,00;333600,00;0,00;5680900,00;613655,00;0,00;0,00;11400,00
1539 Rauma;1539;Rauma;1254300,00;0,00;0,00;0,00;0,00;1254300,00;0,00;0,00;0,00;0,00
1543 Nesset;1543;Nesset;231300,00;0,00;0,00;0,00;0,00;231300,00;0,00;0,00;0,00;0,00
1545 Midsund;1545;Midsund;1260900,00;0,00;0,00;0,00;0,00;1260900,00;0,00;0,00;0,00;0,00
1546 Sandøy;1546;Sandøy;664200,00;0,00;0,00;0,00;0,00;664200,00;0,00;0,00;0,00;0,00
1547 Aukra;1547;Aukra;2686200,00;1434000,00;360000,00;1074000,00;0,00;1240800,00;0,00;0,00;0,00;11400,00
1548 Fræna;1548;Fræna;7039400,00;5239000,00;1815000,00;3424000,00;0,00;1686300,00;0,00;22900,00;0,00;91200,00
1551 Eide;1551;Eide;4025300,00;2812600,00;895000,00;1917600,00;0,00;1167000,00;0,00;22900,00;0,00;22800,00
1554 Averøy;1554;Averøy;3277300,00;1910000,00;1910000,00;0,00;0,00;1333000,00;0,00;22900,00;0,00;11400,00
1557 Gjemnes;1557;Gjemnes;790800,00;0,00;0,00;0,00;0,00;790800,00;0,00;0,00;0,00;0,00
1560 Tingvoll;1560;Tingvoll;6982000,00;2778600,00;645000,00;2133600,00;0,00;3264300,00;916300,00;0,00;0,00;22800,00
1563 Sunndal;1563;Sunndal;41179495,00;24529800,00;9345000,00;15184800,00;686588,00;12667900,00;2759807,00;45800,00;147600,00;342000,00
1566 Surnadal;1566;Surnadal;3589700,00;2505000,00;2505000,00;0,00;0,00;1038900,00;0,00;45800,00;0,00;0,00
1567 Rindal;1567;Rindal;0,00;0,00;0,00;0,00;0,00;0,00;0,00;0,00;0,00;0,00
1571 Halsa;1571;Halsa;785100,00;0,00;0,00;0,00;0,00;785100,00;0,00;0,00;0,00;0,00
1573 Smøla;1573;Smøla;218300,00;0,00;0,00;0,00;0,00;218300,00;0,00;0,00;0,00;0,00
1576 Aure;1576;Aure;15054451,00;11700225,00;4874500,00;6825725,00;731626,00;2036400,00;0,00;178800,00;147600,00;259800,00
1601 Trondheim;1601;Trondheim;277253420,00;187048300,00;52675000,00;134373300,00;29293933,00;45334930,00;11295957,00;812300,00;881000,00;2587000,00
1612 Hemne;1612;Hemne;7072500,00;2409000,00;1055000,00;1354000,00;0,00;4333200,00;261800,00;22900,00;0,00;45600,00
1613 Snillfjord;1613;Snillfjord;562300,00;0,00;0,00;0,00;0,00;562300,00;0,00;0,00;0,00;0,00
1617 Hitra;1617;Hitra;7990000,00;4029000,00;165000,00;3864000,00;0,00;3938200,00;0,00;0,00;0,00;22800,00
1620 Frøya;1620;Frøya;1255700,00;0,00;0,00;0,00;0,00;1255700,00;0,00;0,00;0,00;0,00
1621 Ørland;1621;Ørland;1050100,00;0,00;0,00;0,00;0,00;1050100,00;0,00;0,00;0,00;0,00
1622 Agdenes;1622;Agdenes;324400,00;0,00;0,00;0,00;0,00;324400,00;0,00;0,00;0,00;0,00
1624 Rissa;1624;Rissa;6007300,00;3669400,00;1460000,00;2209400,00;0,00;1518200,00;785400,00;22900,00;0,00;11400,00
1627 Bjugn;1627;Bjugn;1390000,00;0,00;0,00;0,00;0,00;1390000,00;0,00;0,00;0,00;0,00
1630 Åfjord;1630;Åfjord;1121900,00;215000,00;215000,00;0,00;0,00;906900,00;0,00;0,00;0,00;0,00
1632 Roan;1632;Roan;278600,00;0,00;0,00;0,00;0,00;278600,00;0,00;0,00;0,00;0,00
1633 Osen;1633;Osen;0,00;0,00;0,00;0,00;0,00;0,00;0,00;0,00;0,00;0,00
1634 Oppdal;1634;Oppdal;11872900,00;9612200,00;2746500,00;6865700,00;0,00;2101900,00;0,00;67600,00;0,00;91200,00
1635 Rennebu;1635;Rennebu;913200,00;670000,00;670000,00;0,00;0,00;208900,00;0,00;22900,00;0,00;11400,00
1636 Meldal;1636;Meldal;1236400,00;0,00;0,00;0,00;0,00;1236400,00;0,00;0,00;0,00;0,00
1638 Orkdal;1638;Orkdal;22589400,00;18203600,00;6009500,00;12194100,00;0,00;3303400,00;523600,00;201700,00;143000,00;214100,00
1640 Røros;1640;Røros;6269400,00;4822600,00;1275000,00;3547600,00;0,00;1310000,00;0,00;0,00;0,00;136800,00
1644 Holtålen;1644;Holtålen;637100,00;0,00;0,00;0,00;0,00;637100,00;0,00;0,00;0,00;0,00
1648 Midtre Gauldal;1648;Midtre Gauldal;8098300,00;6280600,00;1975000,00;4305600,00;0,00;1692200,00;0,00;22900,00;0,00;102600,00
1653 Melhus;1653;Melhus;15146100,00;11833600,00;4164800,00;7668800,00;0,00;2516900,00;523600,00;67600,00;0,00;204400,00
1657 Skaun;1657;Skaun;4753900,00;3420400,00;1025000,00;2395400,00;0,00;1265100,00;0,00;0,00;0,00;68400,00
1662 Klæbu;1662;Klæbu;2623713,00;350000,00;0,00;350000,00;1008013,00;1265700,00;0,00;0,00;0,00;0,00
1663 Malvik;1663;Malvik;8656200,00;6171200,00;1940000,00;4231200,00;0,00;2382400,00;0,00;0,00;0,00;102600,00
1664 Selbu;1664;Selbu;671000,00;0,00;0,00;0,00;0,00;671000,00;0,00;0,00;0,00;0,00
1665 Tydal;1665;Tydal;212400,00;0,00;0,00;0,00;0,00;212400,00;0,00;0,00;0,00;0,00
1702 Steinkjer;1702;Steinkjer;40666930,00;27582500,00;8544000,00;19038500,00;0,00;9854400,00;2594830,00;135200,00;0,00;500000,00
1703 Namsos;1703;Namsos;42558100,00;30162200,00;10211500,00;19950700,00;0,00;11354800,00;130900,00;226800,00;147600,00;535800,00
1711 Meråker;1711;Meråker;12208060,00;8999200,00;2195000,00;6804200,00;302960,00;2734800,00;0,00;22900,00;0,00;148200,00
1714 Stjørdal;1714;Stjørdal;41135055,00;30127950,00;8181000,00;21946950,00;1047655,00;6283700,00;3038350,00;130800,00;143000,00;363600,00
1717 Frosta;1717;Frosta;868100,00;0,00;0,00;0,00;0,00;868100,00;0,00;0,00;0,00;0,00
1718 Leksvik;1718;Leksvik;5259580,00;3342600,00;1585000,00;1757600,00;0,00;1489980,00;392700,00;22900,00;0,00;11400,00
1719 Levanger;1719;Levanger;39010794,00;27790050,00;7946500,00;19843550,00;600888,00;6874700,00;3174756,00;91600,00;0,00;478800,00
1721 Verdal;1721;Verdal;21100300,00;17252900,00;6590000,00;10662900,00;0,00;3067100,00;392700,00;0,00;0,00;387600,00
1724 Verran;1724;Verran;6494800,00;5127600,00;2510000,00;2617600,00;0,00;1287200,00;0,00;45800,00;0,00;34200,00
1725 Namdalseid;1725;Namdalseid;651100,00;0,00;0,00;0,00;0,00;651100,00;0,00;0,00;0,00;0,00
1736 Snåsa;1736;Snåsa;302800,00;0,00;0,00;0,00;0,00;302800,00;0,00;0,00;0,00;0,00
1738 Lierne;1738;Lierne;256400,00;70000,00;0,00;70000,00;0,00;175000,00;0,00;0,00;0,00;11400,00
1739 Røyrvik;1739;Røyrvik;0,00;0,00;0,00;0,00;0,00;0,00;0,00;0,00;0,00;0,00
1740 Namsskogan;1740;Namsskogan;228800,00;0,00;0,00;0,00;0,00;228800,00;0,00;0,00;0,00;0,00
1742 Grong;1742;Grong;23076414,00;11281100,00;2086500,00;9194600,00;0,00;8165100,00;3096614,00;21800,00;295200,00;216600,00
1743 Høylandet;1743;Høylandet;0,00;0,00;0,00;0,00;0,00;0,00;0,00;0,00;0,00;0,00
1744 Overhalla;1744;Overhalla;8398818,00;5568700,00;2291500,00;3277200,00;183753,00;1158000,00;1362865,00;22900,00;0,00;102600,00
1748 Fosnes;1748;Fosnes;695400,00;0,00;0,00;0,00;0,00;695400,00;0,00;0,00;0,00;0,00
1749 Flatanger;1749;Flatanger;655900,00;0,00;0,00;0,00;0,00;655900,00;0,00;0,00;0,00;0,00
1750 Vikna;1750;Vikna;11721200,00;9502800,00;3130000,00;6372800,00;0,00;2013300,00;0,00;68700,00;0,00;136400,00
1751 Nærøy;1751;Nærøy;14427200,00;11695500,00;4324550,00;7370950,00;0,00;2480600,00;0,00;68700,00;0,00;182400,00
1755 Leka;1755;Leka;637100,00;0,00;0,00;0,00;0,00;637100,00;0,00;0,00;0,00;0,00
1756 Inderøy (f.o.m. 2012);1756;Inderøy (f.o.m. 2012);10067600,00;8124000,00;2993000,00;5131000,00;0,00;1717500,00;0,00;66500,00;0,00;159600,00
1804 Bodø;1804;Bodø;92444716,00;59958500,00;19322000,00;40636500,00;1606383,00;25770700,00;3708833,00;489500,00;0,00;910800,00
1805 Narvik;1805;Narvik;33529400,00;22219000,00;7582000,00;14637000,00;1221800,00;9114200,00;261800,00;270400,00;0,00;442200,00
1811 Bindal;1811;Bindal;666200,00;70000,00;0,00;70000,00;0,00;596200,00;0,00;0,00;0,00;0,00
1812 Sømna;1812;Sømna;5834900,00;4378400,00;860000,00;3518400,00;0,00;1410900,00;0,00;0,00;0,00;45600,00
1813 Brønnøy;1813;Brønnøy;16441900,00;12912200,00;2940000,00;9972200,00;0,00;3233000,00;0,00;68700,00;0,00;228000,00
1815 Vega;1815;Vega;896200,00;0,00;0,00;0,00;0,00;896200,00;0,00;0,00;0,00;0,00
1816 Vevelstad;1816;Vevelstad;206400,00;0,00;0,00;0,00;0,00;206400,00;0,00;0,00;0,00;0,00
1818 Herøy (Nordl.);1818;Herøy (Nordl.);4761500,00;3496200,00;465000,00;3031200,00;0,00;1197300,00;0,00;0,00;0,00;68000,00
1820 Alstahaug;1820;Alstahaug;30888422,00;20837300,00;5584500,00;15252800,00;0,00;7717700,00;1798522,00;80100,00;0,00;454800,00
1822 Leirfjord;1822;Leirfjord;12917600,00;11048800,00;5125000,00;5923800,00;0,00;1406700,00;130900,00;137400,00;0,00;193800,00
1824 Vefsn;1824;Vefsn;25824675,00;15654000,00;4865000,00;10789000,00;0,00;7835100,00;2061675,00;68700,00;0,00;205200,00
1825 Grane;1825;Grane;315000,00;0,00;0,00;0,00;0,00;315000,00;0,00;0,00;0,00;0,00
1826 Hattfjelldal;1826;Hattfjelldal;7544700,00;2623000,00;815000,00;1808000,00;0,00;4830400,00;0,00;22900,00;0,00;68400,00
1827 Dønna;1827;Dønna;662700,00;0,00;0,00;0,00;0,00;662700,00;0,00;0,00;0,00;0,00
1828 Nesna;1828;Nesna;21044319,00;10060700,00;2496500,00;7564200,00;160000,00;6813900,00;3838719,00;0,00;0,00;171000,00
1832 Hemnes;1832;Hemnes;6705600,00;5259800,00;1065000,00;4194800,00;0,00;1297500,00;0,00;22900,00;0,00;125400,00
1833 Rana;1833;Rana;40080158,00;29726000,00;8915000,00;20811000,00;0,00;8992000,00;599958,00;135200,00;0,00;627000,00
1834 Lurøy;1834;Lurøy;788600,00;0,00;0,00;0,00;0,00;788600,00;0,00;0,00;0,00;0,00
1835 Træna;1835;Træna;245000,00;70000,00;0,00;70000,00;0,00;175000,00;0,00;0,00;0,00;0,00
1836 Rødøy;1836;Rødøy;709700,00;0,00;0,00;0,00;0,00;709700,00;0,00;0,00;0,00;0,00
1837 Meløy;1837;Meløy;7376352,00;5203900,00;1281500,00;3922400,00;314700,00;1686400,00;102952,00;0,00;0,00;68400,00
1838 Gildeskål;1838;Gildeskål;11081200,00;9430600,00;5303000,00;4127600,00;0,00;1469800,00;0,00;0,00;0,00;180800,00
1839 Beiarn;1839;Beiarn;1685200,00;1365000,00;1365000,00;0,00;0,00;228800,00;0,00;45800,00;0,00;45600,00
1840 Saltdal;1840;Saltdal;14378800,00;5657600,00;1740000,00;3917600,00;0,00;8595600,00;0,00;45800,00;0,00;79800,00
1841 Fauske;1841;Fauske;21224082,00;15462900,00;5991500,00;9471400,00;2116682,00;2836900,00;261800,00;181000,00;0,00;364800,00
1845 Sørfold;1845;Sørfold;877900,00;0,00;0,00;0,00;0,00;877900,00;0,00;0,00;0,00;0,00
1848 Steigen;1848;Steigen;7838700,00;6558500,00;2631500,00;3927000,00;0,00;1122800,00;0,00;21800,00;0,00;135600,00
1849 Hamarøy;1849;Hamarøy;12331335,00;7021400,00;3417000,00;3604400,00;0,00;1766100,00;3430035,00;45800,00;0,00;68000,00
1850 Tysfjord;1850;Tysfjord;4921800,00;3542200,00;1525000,00;2017200,00;0,00;1311100,00;0,00;0,00;0,00;68500,00
1851 Lødingen;1851;Lødingen;15596370,00;7604900,00;1966500,00;5638400,00;0,00;7548400,00;272370,00;22900,00;0,00;147800,00
1852 Tjeldsund;1852;Tjeldsund;916200,00;0,00;0,00;0,00;0,00;916200,00;0,00;0,00;0,00;0,00
1853 Evenes;1853;Evenes;7226900,00;5766800,00;1838000,00;3928800,00;0,00;1303300,00;0,00;43600,00;0,00;113200,00
1854 Ballangen;1854;Ballangen;7715900,00;6112800,00;2143000,00;3969800,00;0,00;1511900,00;0,00;0,00;0,00;91200,00
1856 Røst;1856;Røst;208900,00;0,00;0,00;0,00;0,00;208900,00;0,00;0,00;0,00;0,00
1857 Værøy;1857;Værøy;259100,00;0,00;0,00;0,00;0,00;259100,00;0,00;0,00;0,00;0,00
1859 Flakstad;1859;Flakstad;540000,00;0,00;0,00;0,00;0,00;540000,00;0,00;0,00;0,00;0,00
1860 Vestvågøy;1860;Vestvågøy;44099669,00;27912000,00;7428000,00;20484000,00;4338000,00;8253600,00;2628569,00;182100,00;295200,00;490200,00
1865 Vågan;1865;Vågan;32794075,00;21970200,00;6336500,00;15633700,00;489450,00;7338300,00;2519825,00;179900,00;0,00;296400,00
1866 Hadsel;1866;Hadsel;28804701,00;17762500,00;1310000,00;16452500,00;4197801,00;6154800,00;130900,00;22900,00;0,00;535800,00
1867 Bø (Nordl.);1867;Bø (Nordl.);5578219,00;4035000,00;2250000,00;1785000,00;460219,00;900300,00;0,00;68700,00;0,00;114000,00
1868 Øksnes;1868;Øksnes;5059300,00;3278800,00;2198000,00;1080800,00;0,00;1735800,00;0,00;44700,00;0,00;0,00
1870 Sortland;1870;Sortland;26832867,00;20954900,00;6461500,00;14493400,00;0,00;3298100,00;1919867,00;113400,00;147600,00;399000,00
1871 Andøy;1871;Andøy;24151300,00;20347300,00;6683500,00;13663800,00;430000,00;2735000,00;0,00;174400,00;0,00;464600,00
1874 Moskenes;1874;Moskenes;271700,00;0,00;0,00;0,00;0,00;271700,00;0,00;0,00;0,00;0,00
1902 Tromsø;1902;Tromsø;108939925,00;78202900,00;22009000,00;56193900,00;1841200,00;22117700,00;5006925,00;582200,00;143000,00;1046000,00
1903 Harstad (f.o.m 01.01.2013);1903;Harstad (f.o.m. 01.01.2013);65051989,00;48462600,00;13419000,00;35043600,00;2487389,00;12471300,00;523600,00;297700,00;0,00;809400,00
1911 Kvæfjord;1911;Kvæfjord;14854340,00;7432400,00;620000,00;6812400,00;792140,00;6368200,00;0,00;0,00;147600,00;114000,00
1913 Skånland;1913;Skånland;6604300,00;5059100,00;1840000,00;3219100,00;0,00;1157700,00;261800,00;68700,00;0,00;57000,00
1917 Ibestad;1917;Ibestad;7237588,00;3067000,00;643000,00;2424000,00;800100,00;728400,00;2540288,00;0,00;0,00;101800,00
1919 Gratangen;1919;Gratangen;2941400,00;1959000,00;0,00;1959000,00;0,00;914000,00;0,00;0,00;0,00;68400,00
1920 Lavangen;1920;Lavangen;184400,00;0,00;0,00;0,00;0,00;184400,00;0,00;0,00;0,00;0,00
1922 Bardu;1922;Bardu;11518300,00;5797600,00;2515000,00;3282600,00;0,00;5663700,00;0,00;0,00;0,00;57000,00
1923 Salangen;1923;Salangen;23075200,00;9364800,00;2691000,00;6673800,00;0,00;7003400,00;6684100,00;22900,00;0,00;0,00
1924 Målselv;1924;Målselv;14088600,00;7975200,00;2990000,00;4985200,00;0,00;5930700,00;0,00;68700,00;0,00;114000,00
1925 Sørreisa;1925;Sørreisa;3434700,00;2010000,00;2010000,00;0,00;0,00;1356200,00;0,00;22900,00;0,00;45600,00
1926 Dyrøy;1926;Dyrøy;775000,00;0,00;0,00;0,00;0,00;775000,00;0,00;0,00;0,00;0,00
1927 Tranøy;1927;Tranøy;10794800,00;9052600,00;3354500,00;5698100,00;0,00;1514400,00;0,00;45800,00;0,00;182000,00
1928 Torsken;1928;Torsken;291500,00;0,00;0,00;0,00;0,00;291500,00;0,00;0,00;0,00;0,00
1929 Berg;1929;Berg;8426400,00;6677100,00;831500,00;5845600,00;328000,00;1218700,00;0,00;21800,00;0,00;180800,00
1931 Lenvik;1931;Lenvik;34395367,00;22341400,00;8011500,00;14329900,00;2901208,00;8251200,00;207259,00;136300,00;147600,00;410400,00
1933 Balsfjord;1933;Balsfjord;1128400,00;0,00;0,00;0,00;0,00;1128400,00;0,00;0,00;0,00;0,00
1936 Karlsøy;1936;Karlsøy;721200,00;0,00;0,00;0,00;0,00;721200,00;0,00;0,00;0,00;0,00
1938 Lyngen;1938;Lyngen;700300,00;0,00;0,00;0,00;0,00;700300,00;0,00;0,00;0,00;0,00
1939 Storfjord;1939;Storfjord;6177300,00;2207000,00;1373000,00;834000,00;0,00;3970300,00;0,00;0,00;0,00;0,00
1940 Gáivuotna Kåfjord;1940;Gáivuotna Kåfjord;3681100,00;0,00;0,00;0,00;0,00;3681100,00;0,00;0,00;0,00;0,00
1941 Skjervøy;1941;Skjervøy;2211800,00;1339000,00;215000,00;1124000,00;0,00;838600,00;0,00;0,00;0,00;34200,00
1942 Nordreisa;1942;Nordreisa;12434800,00;9947800,00;3235000,00;6712800,00;0,00;2213200,00;0,00;45800,00;0,00;228000,00
1943 Kvænangen;1943;Kvænangen;293000,00;0,00;0,00;0,00;0,00;293000,00;0,00;0,00;0,00;0,00
2002 Vardø;2002;Vardø;839200,00;0,00;0,00;0,00;0,00;839200,00;0,00;0,00;0,00;0,00
2003 Vadsø;2003;Vadsø;75989058,00;49740050,00;12625500,00;37114550,00;3099170,00;13098600,00;8492138,00;182100,00;295200,00;1081800,00
2004 Hammerfest;2004;Hammerfest;27635438,00;20477700,00;5646500,00;14831200,00;0,00;4368300,00;2492838,00;45800,00;0,00;250800,00
2011 Guovdageaidnu Kautokeino;2011;Guovdageaidnu Kautokeino;881800,00;0,00;0,00;0,00;0,00;881800,00;0,00;0,00;0,00;0,00
2012 Alta;2012;Alta;33848403,00;17679100,00;4378000,00;13301100,00;990800,00;10539000,00;4297203,00;68700,00;0,00;273600,00
2014 Loppa;2014;Loppa;750500,00;0,00;0,00;0,00;0,00;750500,00;0,00;0,00;0,00;0,00
2015 Hasvik;2015;Hasvik;843300,00;80000,00;0,00;80000,00;0,00;751900,00;0,00;0,00;0,00;11400,00
2017 Kvalsund;2017;Kvalsund;206400,00;0,00;0,00;0,00;0,00;206400,00;0,00;0,00;0,00;0,00
2018 Måsøy;2018;Måsøy;664200,00;0,00;0,00;0,00;0,00;664200,00;0,00;0,00;0,00;0,00
2019 Nordkapp;2019;Nordkapp;4215173,00;2161800,00;145000,00;2016800,00;574773,00;1455800,00;0,00;0,00;0,00;22800,00
2020 Porsanger;2020;Porsanger Porsángu Porsanki;10310900,00;7058400,00;3200000,00;3858400,00;0,00;1829300,00;1309000,00;45800,00;0,00;68400,00
2021 Kárásjohka Karasjok;2021;Kárásjohka Karasjok;1070600,00;0,00;0,00;0,00;0,00;1070600,00;0,00;0,00;0,00;0,00
2022 Lebesby;2022;Lebesby;758600,00;0,00;0,00;0,00;0,00;758600,00;0,00;0,00;0,00;0,00
2023 Gamvik;2023;Gamvik;891200,00;0,00;0,00;0,00;0,00;891200,00;0,00;0,00;0,00;0,00
2024 Berlevåg;2024;Berlevåg;697800,00;0,00;0,00;0,00;0,00;697800,00;0,00;0,00;0,00;0,00
2025 Deatnu Tana;2025;Deatnu Tana;1095300,00;0,00;0,00;0,00;0,00;1095300,00;0,00;0,00;0,00;0,00
2027 Unjargga-Nesseby;2027;Unjárga Nesseby;721200,00;0,00;0,00;0,00;0,00;721200,00;0,00;0,00;0,00;0,00
2028 Båtsfjord;2028;Båtsfjord;3427100,00;1895800,00;0,00;1895800,00;0,00;1531300,00;0,00;0,00;0,00;0,00
2030 Sør-Varanger;2030;Sør-Varanger;29286654,00;15839650,00;7043000,00;8796650,00;8661066,00;4409600,00;114538,00;159200,00;0,00;102600,00
