kommune;kommune_nr;kommune_navn;bosetting.anmodning;bosetting.vedtak;bosetting.bosatt;bosetting.bosatt_per_1000;bosetting.bosatt_av_anmodede;bosetting.bosatt_av_vedtak;bosetting.bosatt_siste_trear;bosetting.bosatt_per_1000_snitt_trear;;;
Nedbrytninger;;;enhet.personer;enhet.personer;enhet.personer;enhet.promille;enhet.prosent;enhet.prosent;enhet.personer;enhet.promille;;;
0101 Halden;0101;Halden;30,00;10,00;10,00;0,331873092;33,33333333;100,00;.;.;;;
0104 Moss;0104;Moss;40,00;20,00;23,00;0,734636515;57,5;115,00;.;.;;;
0105 Sarpsborg;0105;Sarpsborg;50,00;50,00;54,00;0,9989086;108;108,00;.;.;;;
0106 Fredrikstad;0106;Fredrikstad;85,00;50,00;47,00;0,605740356;55,29411765;94,00;.;.;;;
0111 Hvaler;0111;Hvaler;10,00;10,00;16,00;3,647970816;160;160,00;.;.;;;
0118 Aremark;0118;Aremark;15,00;0,00;0,00;0;0;.;.;.;;;
0119 Marker;0119;Marker;15,00;0,00;0,00;0;0;.;.;.;;;
0121 Rømskog;0121;Rømskog;0,00;.;0,00;0;.;.;.;.;;;
0122 Trøgstad;0122;Trøgstad;15,00;5,00;7,00;1,304509877;46,66666667;140,00;.;.;;;
0123 Spydeberg;0123;Spydeberg;15,00;10,00;7,00;1,245551601;46,66666667;70,00;.;.;;;
0124 Askim;0124;Askim;20,00;10,00;11,00;0,712896954;55;110,00;.;.;;;
0125 Eidsberg;0125;Eidsberg;25,00;12,00;5,00;0,441579087;20;41,67;.;.;;;
0127 Skiptvet;0127;Skiptvet;10,00;5,00;0,00;0;0;0,00;.;.;;;
0128 Rakkestad;0128;Rakkestad;15,00;6,00;6,00;0,752445448;40;100,00;.;.;;;
0135 Råde;0135;Råde;15,00;0,00;1,00;0,140765766;6,666666667;.;.;.;;;
0136 Rygge;0136;Rygge;15,00;.;4,00;0,26488312;26,66666667;.;.;.;;;
0137 Våler (Østfold);0137;Våler (Østf.);15,00;2,00;0,00;0;0;0,00;.;.;;;
0138 Hobøl;0138;Hobøl;15,00;3,00;3,00;0,578368999;20;100,00;.;.;;;
0211 Vestby;0211;Vestby;30,00;15,00;18,00;1,12895133;60;120,00;.;.;;;
0213 Ski;0213;Ski;50,00;20,00;39,00;1,320154357;78;195,00;.;.;;;
0214 Ås;0214;Ås;15,00;15,00;22,00;1,224330792;146,6666667;146,67;.;.;;;
0215 Frogn;0215;Frogn;15,00;10,00;19,00;1,212430604;126,6666667;190,00;.;.;;;
0216 Nesodden;0216;Nesodden;20,00;20,00;18,00;0,983767831;90;90,00;.;.;;;
0217 Oppegård;0217;Oppegård;35,00;35,00;26,00;0,990287564;74,28571429;74,29;.;.;;;
0219 Bærum;0219;Bærum;135,00;135,00;92,00;0,77579519;68,14814815;68,15;.;.;;;
0220 Asker;0220;Asker;70,00;50,00;46,00;0,788508348;65,71428571;92,00;.;.;;;
0221 Aurskog Høland;0221;Aurskog-Høland;20,00;10,00;12,00;0,774193548;60;120,00;.;.;;;
0226 Sørum;0226;Sørum;15,00;15,00;14,00;0,827520984;93,33333333;93,33;.;.;;;
0227 Fet;0227;Fet;15,00;10,00;10,00;0,905141202;66,66666667;100,00;.;.;;;
0228 Rælingen;0228;Rælingen;26,00;10,00;13,00;0,773533262;50;130,00;.;.;;;
0229 Enebakk;0229;Enebakk;15,00;5,00;4,00;0,376435159;26,66666667;80,00;.;.;;;
0230 Lørenskog;0230;Lørenskog;50,00;22,00;23,00;0,662881517;46;104,55;.;.;;;
0231 Skedsmo;0231;Skedsmo;70,00;60,00;78,00;1,523794639;111,4285714;130,00;.;.;;;
0233 Nittedal;0233;Nittedal;15,00;15,00;19,00;0,848782667;126,6666667;126,67;.;.;;;
0234 Gjerdrum;0234;Gjerdrum;15,00;10,00;5,00;0,794659886;33,33333333;50,00;.;.;;;
0235 Ullensaker;0235;Ullensaker;20,00;15,00;12,00;0,369936494;60;80,00;.;.;;;
0236 Nes (Akershus);0236;Nes (Ak.);20,00;20,00;17,00;0,843086689;85;85,00;.;.;;;
0237 Eidsvoll;0237;Eidsvoll;20,00;15,00;19,00;0,837410199;95;126,67;.;.;;;
0238 Nannestad;0238;Nannestad;15,00;10,00;10,00;0,854189801;66,66666667;100,00;.;.;;;
0239 Hurdal;0239;Hurdal;10,00;4,00;0,00;0;0;0,00;.;.;;;
0301 Oslo;0301;Oslo kommune;490,00;450,00;468,00;0,737631666;95,51020408;104,00;.;.;;;
0402 Kongsvinger;0402;Kongsvinger;28,00;25,00;9,00;0,504908836;32,14285714;36,00;.;.;;;
0403 Hamar;0403;Hamar;70,00;40,00;45,00;1,524390244;64,28571429;112,50;.;.;;;
0412 Ringsaker;0412;Ringsaker;28,00;30,00;19,00;0,567791292;67,85714286;63,33;.;.;;;
0415 Løten;0415;Løten;15,00;10,00;15,00;1,98780811;100;150,00;.;.;;;
0417 Stange;0417;Stange;30,00;35,00;37,00;1,874651669;123,3333333;105,71;.;.;;;
0418 Nord-Odal;0418;Nord-Odal;11,00;0,00;1,00;0,195388824;9,090909091;.;.;.;;;
0419 Sør-Odal;0419;Sør-Odal;11,00;10,00;10,00;1,274372372;90,90909091;100,00;.;.;;;
0420 Eidskog;0420;Eidskog;12,00;.;1,00;0,159923237;8,333333333;.;.;.;;;
0423 Grue;0423;Grue;12,00;3,00;3,00;0,606305578;25;100,00;.;.;;;
0425 Åsnes;0425;Åsnes;12,00;5,00;10,00;1,325556734;83,33333333;200,00;.;.;;;
0426 Våler (Hedm.);0426;Våler (Hedm.);0,00;.;0,00;0;.;.;.;.;;;
0427 Elverum;0427;Elverum;38,00;35,00;31,00;1,507562126;81,57894737;88,57;.;.;;;
0428 Trysil;0428;Trysil;12,00;10,00;7,00;1,057242108;58,33333333;70,00;.;.;;;
0429 Åmot;0429;Åmot;5,00;2,00;3,00;0,673400673;60;150,00;.;.;;;
0430 Stor-Elvdal;0430;Stor-Elvdal;12,00;5,00;5,00;1,852537977;41,66666667;100,00;.;.;;;
0432 Rendalen;0432;Rendalen;0,00;7,00;7,00;3,717472119;.;100,00;.;.;;;
0434 Engerdal;0434;Engerdal;10,00;5,00;13,00;9,665427509;130;260,00;.;.;;;
0436 Tolga;0436;Tolga;12,00;7,00;3,00;1,809408926;25;42,86;.;.;;;
0437 Tynset;0437;Tynset;18,00;15,00;18,00;3,243827717;100;120,00;.;.;;;
0438 Alvdal;0438;Alvdal;12,00;10,00;7,00;2,878289474;58,33333333;70,00;.;.;;;
0439 Folldal;0439;Folldal;10,00;.;4,00;2,452483139;40;.;.;.;;;
0441 Os (Hedm.);0441;Os (Hedm.);10,00;3,00;4,00;1,987083954;40;133,33;.;.;;;
0501 Lillehammer;0501;Lillehammer;60,00;45,00;50,00;1,849933402;83,33333333;111,11;.;.;;;
0502 Gjøvik;0502;Gjøvik;50,00;50,00;46,00;1,550492113;92;92,00;.;.;;;
0511 Dovre;0511;Dovre;10,00;5,00;5,00;1,849112426;50;100,00;.;.;;;
0512 Lesja;0512;Lesja;0,00;.;0,00;0;.;.;.;.;;;
0513 Skjåk;0513;Skjåk;10,00;7,00;5,00;2,208480565;50;71,43;.;.;;;
0514 Lom;0514;Lom;10,00;11,00;2,00;0,847098687;20;18,18;.;.;;;
0515 Vågå;0515;Vågå;15,00;10,00;14,00;3,798155182;93,33333333;140,00;.;.;;;
0516 Nord-Fron;0516;Nord-Fron;20,00;15,00;12,00;2,081526453;60;80,00;.;.;;;
0517 Sel;0517;Sel;10,00;5,00;13,00;2,176096418;130;260,00;.;.;;;
0519 Sør-Fron;0519;Sør-Fron;0,00;.;0,00;0;.;.;.;.;;;
0520 Ringebu;0520;Ringebu;10,00;5,00;0,00;0;0;0,00;.;.;;;
0521 Øyer;0521;Øyer;20,00;15,00;12,00;2,357563851;60;80,00;.;.;;;
0522 Gausdal;0522;Gausdal;10,00;5,00;5,00;0,801667468;50;100,00;.;.;;;
0528 Østre Toten;0528;Østre Toten;20,00;15,00;15,00;1,01509102;75;100,00;.;.;;;
0529 Vestre Toten;0529;Vestre Toten;20,00;15,00;21,00;1,606118547;105;140,00;.;.;;;
0532 Jevnaker;0532;Jevnaker;10,00;10,00;7,00;1,074278699;70;70,00;.;.;;;
0533 Lunner;0533;Lunner;35,00;30,00;30,00;3,351206434;85,71428571;100,00;.;.;;;
0534 Gran;0534;Gran;33,00;33,00;35,00;2,572205482;106,0606061;106,06;.;.;;;
0536 Søndre Land;0536;Søndre Land;10,00;10,00;7,00;1,227854762;70;70,00;.;.;;;
0538 Nordre Land;0538;Nordre Land;20,00;15,00;15,00;2,23880597;75;100,00;.;.;;;
0540 Sør-Aurdal;0540;Sør-Aurdal;10,00;8,00;9,00;2,872646026;90;112,50;.;.;;;
0541 Etnedal;0541;Etnedal;10,00;5,00;6,00;4,261363636;60;120,00;.;.;;;
0542 Nord-Aurdal;0542;Nord-Aurdal;15,00;10,00;10,00;1,558360605;66,66666667;100,00;.;.;;;
0543 Vestre Slidre;0543;Vestre Slidre;10,00;0,00;0,00;0;0;.;.;.;;;
0544 Øystre Slidre;0544;Øystre Slidre;10,00;5,00;2,00;0,623830318;20;40,00;.;.;;;
0545 Vang;0545;Vang;2,00;2,00;1,00;0,624219725;50;50,00;.;.;;;
0602 Drammen;0602;Drammen;130,00;130,00;115,00;1,736792823;88,46153846;88,46;.;.;;;
0604 Kongsberg;0604;Kongsberg;43,00;35,00;32,00;1,211845793;74,41860465;91,43;.;.;;;
0605 Ringerike;0605;Ringerike;40,00;30,00;23,00;0,776397516;57,5;76,67;.;.;;;
0612 Hole;0612;Hole;14,00;9,00;10,00;1,516300227;71,42857143;111,11;.;.;;;
0615 Flå;0615;Flå;0,00;.;0,00;0;.;.;.;.;;;
0616 Nes (Busk.);0616;Nes (Busk.);14,00;5,00;7,00;2,031930334;50;140,00;.;.;;;
0617 Gol;0617;Gol;14,00;10,00;11,00;2,375296912;78,57142857;110,00;.;.;;;
0618 Hemsedal;0618;Hemsedal;14,00;7,00;6,00;2,614379085;42,85714286;85,71;.;.;;;
0619 Ål;0619;Ål;14,00;10,00;7,00;1,485253554;50;70,00;.;.;;;
0620 Hol;0620;Hol;14,00;5,00;1,00;0,224618149;7,142857143;20,00;.;.;;;
0621 Sigdal;0621;Sigdal;10,00;5,00;8,00;2,27985181;80;160,00;.;.;;;
0622 Krødsherad;0622;Krødsherad;10,00;5,00;0,00;0;0;0,00;.;.;;;
0623 Modum;0623;Modum;20,00;20,00;20,00;1,472645608;100;100,00;.;.;;;
0624 Øvre Eiker;0624;Øvre Eiker;26,00;20,00;22,00;1,227747084;84,61538462;110,00;.;.;;;
0625 Nedre Eiker;0625;Nedre Eiker;26,00;15,00;21,00;0,881945319;80,76923077;140,00;.;.;;;
0626 Lier;0626;Lier;26,00;20,00;20,00;0,794438928;76,92307692;100,00;.;.;;;
0627 Røyken;0627;Røyken;26,00;20,00;13,00;0,630425295;50;65,00;.;.;;;
0628 Hurum;0628;Hurum;26,00;20,00;20,00;2,143622722;76,92307692;100,00;.;.;;;
0631 Flesberg;0631;Flesberg;14,00;10,00;16,00;5,963473723;114,2857143;160,00;.;.;;;
0632 Rollag;0632;Rollag;20,00;8,00;7,00;5,113221329;35;87,50;.;.;;;
0633 Nore og Uvdal;0633;Nore og Uvdal;14,00;6,00;7,00;2,737583105;50;116,67;.;.;;;
0701 Horten;0701;Horten;35,00;45,00;39,00;1,457889425;111,4285714;86,67;.;.;;;
0702 Holmestrand;0702;Holmestrand;15,00;8,00;7,00;0,669472073;46,66666667;87,50;.;.;;;
0704 Tønsberg;0704;Tønsberg;45,00;30,00;22,00;0,529482551;48,88888889;73,33;.;.;;;
0706 Sandefjord;0706;Sandefjord;45,00;30,00;30,00;0,667022412;66,66666667;100,00;.;.;;;
0709 Larvik;0709;Larvik;45,00;40,00;30,00;0,693513339;66,66666667;75,00;.;.;;;
0711 Svelvik;0711;Svelvik;15,00;5,00;0,00;0;0;0,00;.;.;;;
0713 Sande (Vestf.);0713;Sande (Vestf.);15,00;.;8,00;0,885347499;53,33333333;.;.;.;;;
0714 Hof;0714;Hof;15,00;5,00;3,00;0,970559689;20;60,00;.;.;;;
0716 Re;0716;Re (f.o.m. 2002);20,00;10,00;10,00;1,093613298;50;100,00;.;.;;;
0719 Andebu;0719;Andebu;15,00;0,00;3,00;0,524567232;20;.;.;.;;;
0720 Stokke;0720;Stokke;20,00;20,00;17,00;1,477104874;85;85,00;.;.;;;
0722 Nøtterøy;0722;Nøtterøy;25,00;20,00;15,00;0,700836331;60;75,00;.;.;;;
0723 Tjøme;0723;Tjøme;15,00;8,00;7,00;1,420742846;46,66666667;87,50;.;.;;;
0728 Lardal;0728;Lardal;15,00;5,00;1,00;0,406504065;6,666666667;20,00;.;.;;;
0805 Porsgrunn;0805;Porsgrunn;75,00;55,00;47,00;1,323347224;62,66666667;85,45;.;.;;;
0806 Skien;0806;Skien;110,00;85,00;62,00;1,160201351;56,36363636;72,94;.;.;;;
0807 Notodden;0807;Notodden;40,00;32,00;29,00;2,299944484;72,5;90,63;.;.;;;
0811 Siljan;0811;Siljan;15,00;10,00;11,00;4,575707155;73,33333333;110,00;.;.;;;
0814 Bamble;0814;Bamble;45,00;38,00;41,00;2,888747974;91,11111111;107,89;.;.;;;
0815 Kragerø;0815;Kragerø;45,00;35,00;40,00;3,766123717;88,88888889;114,29;.;.;;;
0817 Drangedal;0817;Drangedal;10,00;5,00;12,00;2,902055623;120;240,00;.;.;;;
0819 Nome;0819;Nome;15,00;10,00;10,00;1,505343971;66,66666667;100,00;.;.;;;
0821 Bø (Telemark);0821;Bø (Telem.);20,00;14,00;17,00;2,913952691;85;121,43;.;.;;;
0822 Sauherad;0822;Sauherad;20,00;15,00;14,00;3,23699422;70;93,33;.;.;;;
0826 Tinn;0826;Tinn;20,00;10,00;22,00;3,693134128;110;220,00;.;.;;;
0827 Hjartdal;0827;Hjartdal;10,00;8,00;7,00;4,369538077;70;87,50;.;.;;;
0828 Seljord;0828;Seljord;10,00;10,00;11,00;3,680160589;110;110,00;.;.;;;
0829 Kviteseid;0829;Kviteseid;0,00;.;0,00;0;.;.;.;.;;;
0830 Nissedal;0830;Nissedal;0,00;.;0,00;0;.;.;.;.;;;
0831 Fyresdal;0831;Fyresdal;10,00;10,00;5,00;3,837298542;50;50,00;.;.;;;
0833 Tokke;0833;Tokke;0,00;.;0,00;0;.;.;.;.;;;
0834 Vinje;0834;Vinje;10,00;10,00;0,00;0;0;0,00;.;.;;;
0901 Risør;0901;Risør;25,00;25,00;30,00;4,348456298;120;120,00;.;.;;;
0904 Grimstad;0904;Grimstad;40,00;30,00;37,00;1,698572281;92,5;123,33;.;.;;;
0906 Arendal;0906;Arendal;95,00;51,00;53,00;1,20891403;55,78947368;103,92;.;.;;;
0911 Gjerstad;0911;Gjerstad;15,00;10,00;14,00;5,624748895;93,33333333;140,00;.;.;;;
0912 Vegårshei;0912;Vegårshei;15,00;0,00;0,00;0;0;.;.;.;;;
0914 Tvedestrand;0914;Tvedestrand;25,00;6,00;6,00;0,99026242;24;100,00;.;.;;;
0919 Froland;0919;Froland;15,00;3,00;0,00;0;0;0,00;.;.;;;
0926 Lillesand;0926;Lillesand;30,00;20,00;11,00;1,0884623;36,66666667;55,00;.;.;;;
0928 Birkenes;0928;Birkenes;20,00;8,00;10,00;2,002803925;50;125,00;.;.;;;
0929 Åmli;0929;Åmli;15,00;10,00;5,00;2,762430939;33,33333333;50,00;.;.;;;
0935 Iveland;0935;Iveland;10,00;10,00;5,00;3,805175038;50;50,00;.;.;;;
0937 Evje og Hornnes;0937;Evje og Hornnes;15,00;10,00;8,00;2,2541561;53,33333333;80,00;.;.;;;
0938 Bygland;0938;Bygland;0,00;.;0,00;0;.;.;.;.;;;
0940 Valle;0940;Valle;15,00;9,00;9,00;7,086614173;60;100,00;.;.;;;
0941 Bykle;0941;Bykle;10,00;4,00;1,00;1,054852321;10;25,00;.;.;;;
1001 Kristiansand;1001;Kristiansand;180,00;160,00;152,00;1,767791308;84,44444444;95,00;.;.;;;
1002 Mandal;1002;Mandal;45,00;28,00;28,00;1,824223076;62,22222222;100,00;.;.;;;
1003 Farsund;1003;Farsund;30,00;20,00;19,00;1,996637243;63,33333333;95,00;.;.;;;
1004 Flekkefjord;1004;Flekkefjord;30,00;15,00;13,00;1,442361034;43,33333333;86,67;.;.;;;
1014 Vennesla;1014;Vennesla;35,00;25,00;22,00;1,573001573;62,85714286;88,00;.;.;;;
1017 Songdalen;1017;Songdalen;30,00;20,00;20,00;3,173092178;66,66666667;100,00;.;.;;;
1018 Søgne;1018;Søgne;35,00;9,00;12,00;1,090413448;34,28571429;133,33;.;.;;;
1021 Marnardal;1021;Marnardal;15,00;5,00;6,00;2,620087336;40;120,00;.;.;;;
1026 Åseral;1026;Åseral;10,00;5,00;0,00;0;0;0,00;.;.;;;
1027 Audnedal;1027;Audnedal;10,00;10,00;9,00;5,163511188;90;90,00;.;.;;;
1029 Lindesnes;1029;Lindesnes;20,00;10,00;15,00;3,090871626;75;150,00;.;.;;;
1032 Lyngdal;1032;Lyngdal;35,00;20,00;24,00;2,962231548;68,57142857;120,00;.;.;;;
1034 Hægebostad;1034;Hægebostad;10,00;0,00;0,00;0;0;.;.;.;;;
1037 Kvinesdal;1037;Kvinesdal;25,00;25,00;25,00;4,24376167;100;100,00;.;.;;;
1046 Sirdal;1046;Sirdal;15,00;5,00;5,00;2,730748225;33,33333333;100,00;.;.;;;
1101 Eigersund;1101;Eigersund;35,00;35,00;40,00;2,700695429;114,2857143;114,29;.;.;;;
1102 Sandnes;1102;Sandnes;80,00;60,00;57,00;0,792767733;71,25;95,00;.;.;;;
1103 Stavanger;1103;Stavanger;150,00;115,00;95,00;0,726555211;63,33333333;82,61;.;.;;;
1106 Haugesund;1106;Haugesund;75,00;44,00;33,00;0,914152747;44;75,00;.;.;;;
1111 Sokndal;1111;Sokndal;10,00;.;0,00;0;0;.;.;.;;;
1112 Lund;1112;Lund;25,00;10,00;11,00;3,410852713;44;110,00;.;.;;;
1114 Bjerkreim;1114;Bjerkreim;10,00;.;0,00;0;0;.;.;.;;;
1119 Hå;1119;Hå;40,00;10,00;10,00;0,552028705;25;100,00;.;.;;;
1120 Klepp;1120;Klepp;40,00;20,00;21,00;1,136056262;52,5;105,00;.;.;;;
1121 Time;1121;Time;40,00;20,00;18,00;1,005755154;45;90,00;.;.;;;
1122 Gjesdal;1122;Gjesdal;35,00;15,00;15,00;1,325439604;42,85714286;100,00;.;.;;;
1124 Sola;1124;Sola;45,00;20,00;12,00;0,478411673;26,66666667;60,00;.;.;;;
1127 Randaberg;1127;Randaberg;35,00;20,00;11,00;1,056067588;31,42857143;55,00;.;.;;;
1129 Forsand;1129;Forsand;5,00;.;0,00;0;0;.;.;.;;;
1130 Strand;1130;Strand;35,00;15,00;23,00;1,894719499;65,71428571;153,33;.;.;;;
1133 Hjelmeland;1133;Hjelmeland;25,00;10,00;11,00;3,946896304;44;110,00;.;.;;;
1134 Suldal;1134;Suldal;30,00;10,00;3,00;0,77299665;10;30,00;.;.;;;
1135 Sauda;1135;Sauda;30,00;10,00;10,00;2,100840336;33,33333333;100,00;.;.;;;
1141 Finnøy;1141;Finnøy;10,00;.;0,00;0;0;.;.;.;;;
1142 Rennesøy;1142;Rennesøy;25,00;7,00;8,00;1,682439537;32;114,29;.;.;;;
1144 Kvitsøy;1144;Kvitsøy;5,00;.;0,00;0;0;.;.;.;;;
1145 Bokn;1145;Bokn;5,00;.;0,00;0;0;.;.;.;;;
1146 Tysvær;1146;Tysvær;40,00;20,00;25,00;2,343457068;62,5;125,00;.;.;;;
1149 Karmøy;1149;Karmøy;75,00;30,00;37,00;0,886163868;49,33333333;123,33;.;.;;;
1151 Utsira;1151;Utsira;5,00;.;0,00;0;0;.;.;.;;;
1160 Vindafjord;1160;Vindafjord;35,00;12,00;10,00;1,143249114;28,57142857;83,33;.;.;;;
1201 Bergen;1201;Bergen;340,00;300,00;318,00;1,169336898;93,52941176;106,00;.;.;;;
1211 Etne;1211;Etne;15,00;5,00;12,00;2,957850629;80;240,00;.;.;;;
1216 Sveio;1216;Sveio;30,00;13,00;10,00;1,830496064;33,33333333;76,92;.;.;;;
1219 Bømlo;1219;Bømlo;40,00;15,00;16,00;1,361818027;40;106,67;.;.;;;
1221 Stord;1221;Stord;40,00;.;14,00;0,759837178;35;.;.;.;;;
1222 Fitjar;1222;Fitjar;10,00;.;0,00;0;0;.;.;.;;;
1223 Tysnes;1223;Tysnes;10,00;5,00;0,00;0;0;0,00;.;.;;;
1224 Kvinnherad;1224;Kvinnherad;30,00;.;7,00;0,529020556;23,33333333;.;.;.;;;
1227 Jondal;1227;Jondal;5,00;.;0,00;0;0;.;.;.;;;
1228 Odda;1228;Odda;30,00;20,00;24,00;3,42563517;80;120,00;.;.;;;
1231 Ullensvang;1231;Ullensvang;25,00;15,00;16,00;4,749183734;64;106,67;.;.;;;
1232 Eidfjord;1232;Eidfjord;5,00;5,00;4,00;4,210526316;80;80,00;.;.;;;
1233 Ulvik;1233;Ulvik;5,00;.;0,00;0;0;.;.;.;;;
1234 Granvin;1234;Granvin;5,00;0,00;0,00;0;0;.;.;.;;;
1235 Voss;1235;Voss;40,00;25,00;25,00;1,764539808;62,5;100,00;.;.;;;
1238 Kvam;1238;Kvam;25,00;15,00;1,00;0,116495806;4;6,67;.;.;;;
1241 Fusa;1241;Fusa;10,00;.;0,00;0;0;.;.;.;;;
1242 Samnanger;1242;Samnanger;25,00;0,00;0,00;0;0;.;.;.;;;
1243 Os (Hord.);1243;Os (Hord.);25,00;10,00;9,00;0,481850305;36;90,00;.;.;;;
1244 Austevoll;1244;Austevoll;20,00;.;2,00;0,406173842;10;.;.;.;;;
1245 Sund;1245;Sund;25,00;0,00;2,00;0,301431801;8;.;.;.;;;
1246 Fjell;1246;Fjell;45,00;20,00;12,00;0,503102465;26,66666667;60,00;.;.;;;
1247 Askøy;1247;Askøy;45,00;25,00;22,00;0,804505229;48,88888889;88,00;.;.;;;
1251 Vaksdal;1251;Vaksdal;25,00;6,00;8,00;1,93236715;32;133,33;.;.;;;
1252 Modalen;1252;Modalen;5,00;0,00;0,00;0;0;.;.;.;;;
1253 Osterøy;1253;Osterøy;20,00;.;0,00;0;0;.;.;.;;;
1256 Meland;1256;Meland;35,00;10,00;12,00;1,590668081;34,28571429;120,00;.;.;;;
1259 Øygarden;1259;Øygarden;35,00;15,00;15,00;3,18877551;42,85714286;100,00;.;.;;;
1260 Radøy;1260;Radøy;25,00;6,00;3,00;0,595356221;12;50,00;.;.;;;
1263 Lindås;1263;Lindås;25,00;17,00;14,00;0,929059659;56;82,35;.;.;;;
1264 Austrheim;1264;Austrheim;10,00;15,00;4,00;1,411930815;40;26,67;.;.;;;
1265 Fedje;1265;Fedje;5,00;0,00;0,00;0;0;.;.;.;;;
1266 Masfjorden;1266;Masfjorden;5,00;0,00;0,00;0;0;.;.;.;;;
1401 Flora;1401;Flora;40,00;40,00;39,00;3,310977163;97,5;97,50;.;.;;;
1411 Gulen;1411;Gulen;10,00;.;0,00;0;0;.;.;.;;;
1412 Solund;1412;Solund;5,00;.;0,00;0;0;.;.;.;;;
1413 Hyllestad;1413;Hyllestad;5,00;8,00;7,00;5,032350827;140;87,50;.;.;;;
1416 Høyanger;1416;Høyanger;15,00;9,00;17,00;4,06406885;113,3333333;188,89;.;.;;;
1417 Vik;1417;Vik;10,00;10,00;1,00;0,37202381;10;10,00;.;.;;;
1418 Balestrand;1418;Balestrand;15,00;0,00;0,00;0;0;.;.;.;;;
1419 Leikanger;1419;Leikanger;10,00;10,00;5,00;2,204585538;50;50,00;.;.;;;
1420 Sogndal;1420;Sogndal;35,00;35,00;34,00;4,460186278;97,14285714;97,14;.;.;;;
1421 Aurland;1421;Aurland;5,00;.;0,00;0;0;.;.;.;;;
1422 Lærdal;1422;Lærdal;15,00;.;0,00;0;0;.;.;.;;;
1424 Årdal;1424;Årdal;20,00;.;0,00;0;0;.;.;.;;;
1426 Luster;1426;Luster;15,00;10,00;11,00;2,161524858;73,33333333;110,00;.;.;;;
1428 Askvoll;1428;Askvoll;10,00;.;0,00;0;0;.;.;.;;;
1429 Fjaler;1429;Fjaler;10,00;0,00;0,00;0;0;.;.;.;;;
1430 Gaular;1430;Gaular;10,00;.;0,00;0;0;.;.;.;;;
1431 Jølster;1431;Jølster;15,00;5,00;2,00;0,651465798;13,33333333;40,00;.;.;;;
1432 Førde;1432;Førde;40,00;20,00;23,00;1,813165156;57,5;115,00;.;.;;;
1433 Naustdal;1433;Naustdal;10,00;.;0,00;0;0;.;.;.;;;
1438 Bremanger;1438;Bremanger;25,00;.;0,00;0;0;.;.;.;;;
1439 Vågsøy;1439;Vågsøy;10,00;.;0,00;0;0;.;.;.;;;
1441 Selje;1441;Selje;10,00;.;0,00;0;0;.;.;.;;;
1443 Eid;1443;Eid;30,00;10,00;9,00;1,518731016;30;90,00;.;.;;;
1444 Hornindal;1444;Hornindal;5,00;.;0,00;0;0;.;.;.;;;
1445 Gloppen;1445;Gloppen;30,00;15,00;16,00;2,809975413;53,33333333;106,67;.;.;;;
1449 Stryn;1449;Stryn;35,00;20,00;20,00;2,803476311;57,14285714;100,00;.;.;;;
1502 Molde;1502;Molde;55,00;55,00;53,00;2,03470516;96,36363636;96,36;.;.;;;
1504 Ålesund;1504;Ålesund;60,00;40,00;40,00;0,874374276;66,66666667;100,00;.;.;;;
1505 Kristiansund;1505;Kristiansund;50,00;40,00;42,00;1,721664275;84;105,00;.;.;;;
1511 Vanylven;1511;Vanylven;0,00;.;0,00;0;.;.;.;.;;;
1514 Sande (M. og R.);1514;Sande (M. og R.);10,00;.;0,00;0;0;.;.;.;;;
1515 Herøy (M. og R.);1515;Herøy (M. og R.);25,00;10,00;10,00;1,130326664;40;100,00;.;.;;;
1516 Ulstein;1516;Ulstein;25,00;20,00;21,00;2,595155709;84;105,00;.;.;;;
1517 Hareid;1517;Hareid;15,00;10,00;0,00;0;0;0,00;.;.;;;
1519 Volda;1519;Volda;30,00;25,00;23,00;2,581658997;76,66666667;92,00;.;.;;;
1520 Ørsta;1520;Ørsta;35,00;25,00;23,00;2,182991648;65,71428571;92,00;.;.;;;
1523 Ørskog;1523;Ørskog;10,00;10,00;4,00;1,73837462;40;40,00;.;.;;;
1524 Norddal;1524;Norddal;0,00;.;0,00;0;.;.;.;.;;;
1525 Stranda;1525;Stranda;10,00;0,00;0,00;0;0;.;.;.;;;
1526 Stordal;1526;Stordal;0,00;.;1,00;0,966183575;.;.;.;.;;;
1528 Sykkylven;1528;Sykkylven;20,00;5,00;20,00;2,587322122;100;400,00;.;.;;;
1529 Skodje;1529;Skodje;15,00;0,00;0,00;0;0;.;.;.;;;
1531 Sula;1531;Sula;20,00;6,00;7,00;0,809155011;35;116,67;.;.;;;
1532 Giske;1532;Giske;15,00;6,00;5,00;0,646078305;33,33333333;83,33;.;.;;;
1534 Haram;1534;Haram;25,00;10,00;11,00;1,210920299;44;110,00;.;.;;;
1535 Vestnes;1535;Vestnes;15,00;15,00;17,00;2,569916856;113,3333333;113,33;.;.;;;
1539 Rauma;1539;Rauma;15,00;.;0,00;0;0;.;.;.;;;
1543 Nesset;1543;Nesset;10,00;.;0,00;0;0;.;.;.;;;
1545 Midsund;1545;Midsund;0,00;.;0,00;0;.;.;.;.;;;
1546 Sandøy;1546;Sandøy;0,00;.;0,00;0;.;.;.;.;;;
1547 Aukra;1547;Aukra;10,00;0,00;1,00;0,296120817;10;.;.;.;;;
1548 Fræna;1548;Fræna;25,00;15,00;9,00;0,925925926;36;60,00;.;.;;;
1551 Eide;1551;Eide;15,00;5,00;3,00;0,864304235;20;60,00;.;.;;;
1554 Averøy;1554;Averøy;15,00;15,00;15,00;2,637594514;100;100,00;.;.;;;
1557 Gjemnes;1557;Gjemnes;0,00;.;0,00;0;.;.;.;.;;;
1560 Tingvoll;1560;Tingvoll;10,00;5,00;3,00;0,979112272;30;60,00;.;.;;;
1563 Sunndal;1563;Sunndal;25,00;25,00;41,00;5,717473156;164;164,00;.;.;;;
1566 Surnadal;1566;Surnadal;15,00;15,00;11,00;1,847497481;73,33333333;73,33;.;.;;;
1567 Rindal;1567;Rindal;0,00;.;0,00;0;.;.;.;.;;;
1571 Halsa;1571;Halsa;0,00;.;0,00;0;.;.;.;.;;;
1573 Smøla;1573;Smøla;0,00;.;0,00;0;.;.;.;.;;;
1576 Aure;1576;Aure;10,00;5,00;13,00;3,634330445;130;260,00;.;.;;;
1601 Trondheim;1601;Trondheim;290,00;250,00;251,00;1,378855715;86,55172414;100,40;.;.;;;
1612 Hemne;1612;Hemne;10,00;3,00;2,00;0,473484848;20;66,67;.;.;;;
1613 Snillfjord;1613;Snillfjord;0,00;.;0,00;0;.;.;.;.;;;
1617 Hitra;1617;Hitra;10,00;.;1,00;0,221141088;10;.;.;.;;;
1620 Frøya;1620;Frøya;10,00;.;0,00;0;0;.;.;.;;;
1621 Ørland;1621;Ørland;15,00;.;0,00;0;0;.;.;.;;;
1622 Agdenes;1622;Agdenes;0,00;.;0,00;0;.;.;.;.;;;
1624 Rissa;1624;Rissa;15,00;15,00;14,00;2,106530244;93,33333333;93,33;.;.;;;
1627 Bjugn;1627;Bjugn;10,00;0,00;0,00;0;0;.;.;.;;;
1630 Åfjord;1630;Åfjord;10,00;.;1,00;0,308451573;10;.;.;.;;;
1632 Roan;1632;Roan;0,00;.;0,00;0;.;.;.;.;;;
1633 Osen;1633;Osen;0,00;.;0,00;0;.;.;.;.;;;
1634 Oppdal;1634;Oppdal;20,00;15,00;15,00;2,201350161;75;100,00;.;.;;;
1635 Rennebu;1635;Rennebu;10,00;10,00;11,00;4,303599374;110;110,00;.;.;;;
1636 Meldal;1636;Meldal;10,00;.;0,00;0;0;.;.;.;;;
1638 Orkdal;1638;Orkdal;25,00;20,00;21,00;1,805985552;84;105,00;.;.;;;
1640 Røros;1640;Røros;15,00;10,00;3,00;0,537345513;20;30,00;.;.;;;
1644 Holtålen;1644;Holtålen;0,00;.;0,00;0;.;.;.;.;;;
1648 Midtre Gauldal;1648;Midtre Gauldal;15,00;8,00;9,00;1,414871875;60;112,50;.;.;;;
1653 Melhus;1653;Melhus;30,00;15,00;16,00;1,009845998;53,33333333;106,67;.;.;;;
1657 Skaun;1657;Skaun;20,00;8,00;4,00;0,541125541;20;50,00;.;.;;;
1662 Klæbu;1662;Klæbu;15,00;.;0,00;0;0;.;.;.;;;
1663 Malvik;1663;Malvik;25,00;15,00;13,00;0,972253384;52;86,67;.;.;;;
1664 Selbu;1664;Selbu;10,00;.;0,00;0;0;.;.;.;;;
1665 Tydal;1665;Tydal;0,00;.;0,00;0;.;.;.;.;;;
1702 Steinkjer;1702;Steinkjer;45,00;30,00;32,00;1,484574345;71,11111111;106,67;.;.;;;
1703 Namsos;1703;Namsos;40,00;40,00;43,00;3,286707942;107,5;107,50;.;.;;;
1711 Meråker;1711;Meråker;20,00;10,00;10,00;3,916960439;50;100,00;.;.;;;
1714 Stjørdal;1714;Stjørdal;45,00;35,00;37,00;1,631177534;82,22222222;105,71;.;.;;;
1717 Frosta;1717;Frosta;10,00;.;0,00;0;0;.;.;.;;;
1718 Leksvik;1718;Leksvik;10,00;10,00;11,00;3,094233474;110;110,00;.;.;;;
1719 Levanger;1719;Levanger;45,00;45,00;43,00;2,238184468;95,55555556;95,56;.;.;;;
1721 Verdal;1721;Verdal;35,00;25,00;25,00;1,690559913;71,42857143;100,00;.;.;;;
1724 Verran;1724;Verran;15,00;15,00;17,00;6,635441062;113,3333333;113,33;.;.;;;
1725 Namdalseid;1725;Namdalseid;10,00;.;0,00;0;0;.;.;.;;;
1736 Snåsa;1736;Snåsa;10,00;10,00;10,00;4,638218924;100;100,00;.;.;;;
1738 Lierne;1738;Lierne;0,00;.;0,00;0;.;.;.;.;;;
1739 Røyrvik;1739;Røyrvik;0,00;.;0,00;0;.;.;.;.;;;
1740 Namsskogan;1740;Namsskogan;0,00;.;0,00;0;.;.;.;.;;;
1742 Grong;1742;Grong;15,00;10,00;11,00;4,491629236;73,33333333;110,00;.;.;;;
1743 Høylandet;1743;Høylandet;10,00;.;0,00;0;0;.;.;.;;;
1744 Overhalla;1744;Overhalla;10,00;10,00;10,00;2,679528403;100;100,00;.;.;;;
1748 Fosnes;1748;Fosnes;0,00;.;0,00;0;.;.;.;.;;;
1749 Flatanger;1749;Flatanger;0,00;.;0,00;0;.;.;.;.;;;
1750 Vikna;1750;Vikna;15,00;10,00;10,00;2,314279102;66,66666667;100,00;.;.;;;
1751 Nærøy;1751;Nærøy;15,00;15,00;20,00;3,949447077;133,3333333;133,33;.;.;;;
1755 Leka;1755;Leka;0,00;.;0,00;0;.;.;.;.;;;
1756 Inderøy (f.o.m. 2012);1756;Inderøy (f.o.m. 2012);0,00;.;10,00;1,488095238;.;.;.;.;;;
1804 Bodø;1804;Bodø;90,00;70,00;72,00;1,447789105;80;102,86;.;.;;;
1805 Narvik;1805;Narvik;55,00;40,00;42,00;2,245388933;76,36363636;105,00;.;.;;;
1811 Bindal;1811;Bindal;0,00;.;0,00;0;.;.;.;.;;;
1812 Sømna;1812;Sømna;20,00;10,00;9,00;4,396678065;45;90,00;.;.;;;
1813 Brønnøy;1813;Brønnøy;30,00;25,00;19,00;2,405976953;63,33333333;76,00;.;.;;;
1815 Vega;1815;Vega;0,00;.;0,00;0;.;.;.;.;;;
1816 Vevelstad;1816;Vevelstad;0,00;.;0,00;0;.;.;.;.;;;
1818 Herøy (Nordl.);1818;Herøy (Nordl.);10,00;0,00;0,00;0;0;.;.;.;;;
1820 Alstahaug;1820;Alstahaug;30,00;30,00;31,00;4,192588585;103,3333333;103,33;.;.;;;
1822 Leirfjord;1822;Leirfjord;15,00;20,00;21,00;9,597806216;140;105,00;.;.;;;
1824 Vefsn;1824;Vefsn;30,00;25,00;23,00;1,731145567;76,66666667;92,00;.;.;;;
1825 Grane;1825;Grane;0,00;.;0,00;0;.;.;.;.;;;
1826 Hattfjelldal;1826;Hattfjelldal;15,00;10,00;1,00;0,666666667;6,666666667;10,00;.;.;;;
1827 Dønna;1827;Dønna;15,00;0,00;0,00;0;0;.;.;.;;;
1828 Nesna;1828;Nesna;15,00;11,00;15,00;7,886435331;100;136,36;.;.;;;
1832 Hemnes;1832;Hemnes;10,00;.;4,00;0,878541621;40;.;.;.;;;
1833 Rana;1833;Rana;60,00;50,00;42,00;1,618933816;70;84,00;.;.;;;
1834 Lurøy;1834;Lurøy;0,00;.;0,00;0;.;.;.;.;;;
1835 Træna;1835;Træna;0,00;.;0,00;0;.;.;.;.;;;
1836 Rødøy;1836;Rødøy;0,00;.;0,00;0;.;.;.;.;;;
1837 Meløy;1837;Meløy;15,00;15,00;15,00;2,310892004;100;100,00;.;.;;;
1838 Gildeskål;1838;Gildeskål;15,00;15,00;15,00;7,414730598;100;100,00;.;.;;;
1839 Beiarn;1839;Beiarn;10,00;10,00;9,00;8,272058824;90;90,00;.;.;;;
1840 Saltdal;1840;Saltdal;10,00;10,00;17,00;3,624733475;170;170,00;.;.;;;
1841 Fauske;1841;Fauske;20,00;18,00;15,00;1,569694433;75;83,33;.;.;;;
1845 Sørfold;1845;Sørfold;0,00;.;0,00;0;.;.;.;.;;;
1848 Steigen;1848;Steigen;10,00;10,00;9,00;3,489724699;90;90,00;.;.;;;
1849 Hamarøy;1849;Hamarøy;15,00;15,00;16,00;8,791208791;106,6666667;106,67;.;.;;;
1850 Tysfjord;1850;Tysfjord;10,00;10,00;1,00;0,5;10;10,00;.;.;;;
1851 Lødingen;1851;Lødingen;15,00;10,00;7,00;3,113879004;46,66666667;70,00;.;.;;;
1852 Tjeldsund;1852;Tjeldsund;0,00;.;0,00;0;.;.;.;.;;;
1853 Evenes;1853;Evenes;10,00;.;5,00;3,594536305;50;.;.;.;;;
1854 Ballangen;1854;Ballangen;10,00;10,00;10,00;3,859513701;100;100,00;.;.;;;
1856 Røst;1856;Røst;10,00;.;0,00;0;0;.;.;.;;;
1857 Værøy;1857;Værøy;0,00;.;0,00;0;.;.;.;.;;;
1859 Flakstad;1859;Flakstad;0,00;.;0,00;0;.;.;.;.;;;
1860 Vestvågøy;1860;Vestvågøy;40,00;40,00;36,00;3,273620078;90;90,00;.;.;;;
1865 Vågan;1865;Vågan;40,00;40,00;37,00;4,011709856;92,5;92,50;.;.;;;
1866 Hadsel;1866;Hadsel;30,00;15,00;16,00;1,972386588;53,33333333;106,67;.;.;;;
1867 Bø (Nordl.);1867;Bø (Nordl.);10,00;15,00;15,00;5,677517033;150;100,00;.;.;;;
1868 Øksnes;1868;Øksnes;20,00;10,00;6,00;1,315212626;30;60,00;.;.;;;
1870 Sortland;1870;Sortland;30,00;25,00;29,00;2,863066443;96,66666667;116,00;.;.;;;
1871 Andøy;1871;Andøy;30,00;30,00;28,00;5,607850991;93,33333333;93,33;.;.;;;
1874 Moskenes;1874;Moskenes;0,00;.;0,00;0;.;.;.;.;;;
1902 Tromsø;1902;Tromsø;100,00;100,00;113,00;1,578432742;113;113,00;.;.;;;
1903 Harstad;1903;Harstad;0,00;.;60,00;2,454891371;.;.;.;.;;;
1911 Kvæfjord;1911;Kvæfjord;10,00;0,00;3,00;0,965561635;30;.;.;.;;;
1913 Skånland;1913;Skånland;10,00;10,00;8,00;2,710945442;80;80,00;.;.;;;
1917 Ibestad;1917;Ibestad;15,00;5,00;2,00;1,39275766;13,33333333;40,00;.;.;;;
1919 Gratangen;1919;Gratangen;10,00;5,00;1,00;0,881057269;10;20,00;.;.;;;
1920 Lavangen;1920;Lavangen;10,00;.;0,00;0;0;.;.;.;;;
1922 Bardu;1922;Bardu;10,00;10,00;12,00;3,011292346;120;120,00;.;.;;;
1923 Salangen;1923;Salangen;20,00;20,00;17,00;7,647323437;85;85,00;.;.;;;
1924 Målselv;1924;Målselv;20,00;10,00;13,00;1,95960205;65;130,00;.;.;;;
1925 Sørreisa;1925;Sørreisa;15,00;14,00;14,00;4,057971014;93,33333333;100,00;.;.;;;
1926 Dyrøy;1926;Dyrøy;0,00;.;0,00;0;.;.;.;.;;;
1927 Tranøy;1927;Tranøy;15,00;15,00;16,00;10,59602649;106,6666667;106,67;.;.;;;
1928 Torsken;1928;Torsken;0,00;.;0,00;0;.;.;.;.;;;
1929 Berg;1929;Berg;15,00;10,00;11,00;11,98257081;73,33333333;110,00;.;.;;;
1931 Lenvik;1931;Lenvik;40,00;40,00;54,00;4,672492861;135;135,00;.;.;;;
1933 Balsfjord;1933;Balsfjord;20,00;.;0,00;0;0;.;.;.;;;
1936 Karlsøy;1936;Karlsøy;0,00;.;0,00;0;.;.;.;.;;;
1938 Lyngen;1938;Lyngen;0,00;.;0,00;0;.;.;.;.;;;
1939 Storfjord;1939;Storfjord;10,00;5,00;4,00;2,060793405;40;80,00;.;.;;;
1940 Gáivuotna Kåfjord;1940;Gáivuotna Kåfjord;0,00;.;0,00;0;.;.;.;.;;;
1941 Skjervøy;1941;Skjervøy;10,00;.;1,00;0,347101701;10;.;.;.;;;
1942 Nordreisa;1942;Nordreisa;20,00;10,00;10,00;2,060156572;50;100,00;.;.;;;
1943 Kvænangen;1943;Kvænangen;0,00;.;0,00;0;.;.;.;.;;;
2002 Vardø;2002;Vardø;20,00;.;0,00;0;0;.;.;.;;;
2003 Vadsø;2003;Vadsø;90,00;80,00;93,00;14,9445605;103,3333333;116,25;.;.;;;
2004 Hammerfest;2004;Hammerfest;25,00;30,00;33,00;3,207932342;132;110,00;.;.;;;
2011 Guovdageaidnu Kautokeino;2011;Guovdageaidnu Kautokeino;0,00;.;0,00;0;.;.;.;.;;;
2012 Alta;2012;Alta;30,00;35,00;37,00;1,866612854;123,3333333;105,71;.;.;;;
2014 Loppa;2014;Loppa;0,00;.;0,00;0;.;.;.;.;;;
2015 Hasvik;2015;Hasvik;0,00;.;0,00;0;.;.;.;.;;;
2017 Kvalsund;2017;Kvalsund;0,00;.;0,00;0;.;.;.;.;;;
2018 Måsøy;2018;Måsøy;0,00;.;0,00;0;.;.;.;.;;;
2019 Nordkapp;2019;Nordkapp;10,00;0,00;0,00;0;0;.;.;.;;;
2020 Porsanger;2020;Porsanger Porsángu Porsanki;15,00;15,00;17,00;4,289679536;113,3333333;113,33;.;.;;;
2021 Kárásjohka Karasjok;2021;Kárásjohka Karasjok;0,00;.;0,00;0;.;.;.;.;;;
2022 Lebesby;2022;Lebesby;0,00;.;0,00;0;.;.;.;.;;;
2023 Gamvik;2023;Gamvik;0,00;.;0,00;0;.;.;.;.;;;
2024 Berlevåg;2024;Berlevåg;0,00;.;0,00;0;.;.;.;.;;;
2025 Deatnu Tana;2025;Deatnu Tana;0,00;.;0,00;0;.;.;.;.;;;
2027 Unjargga-Nesseby;2027;Unjárga Nesseby;0,00;10,00;8,00;8,705114255;.;80,00;.;.;;;
2028 Båtsfjord;2028;Båtsfjord;10,00;0,00;0,00;0;0;.;.;.;;;
2030 Sør-Varanger;2030;Sør-Varanger;35,00;35,00;35,00;3,468780971;100;100,00;.;.;;;
;;;;;;;;;;;;;
;;;;;;;;;;;;;
;;;;;;;;;;;;;
;;;;;;;;;;;;;
;;;;;;;;;;;;;
;;;;;;;;;;;;;
;;;;;;;;;;;;;
;;;;;;;;;;;;;
;;;;;;;;;;;;;
;;;;;;;;;;;;;
;;;;;;;;;;;;;
;;;;;;;;;;;;;
;;;;;;;;;;;;;
;;;;;;;;;;;;;
;;;;;;;;;;;;;
;;;;;;;;;;;;;
;;;;;;;;;;;;;
;;;;;;;;;;;;;
;;;;;;;;;;;;;
;;;;;;;;;;;;;
;;;;;;;;;;;;;
;;;;;;;;;;;;;
;;;;;;;;;;;;;
;;;;;;;;;;;;;
;;;;;;;;;;;;;
;;;;;;;;;;;;;
;;;;;;;;;;;;;
;;;;;;;;;;;;;
;;;;;;;;;;;;;
;;;;;;;;;;;;;
;;;;;;;;;;;;;
;;;;;;;;;;;;;
;;;;;;;;;;;;;
;;;;;;;;;;;;;
;;;;;;;;;;;;;
;;;;;;;;;;;;;
;;;;;;;;;;;;;
;;;;;;;;;;;;;
;;;;;;;;;;;;;
;;;;;;;;;;;;;
